Portfolio,Date,Portfolio Return,Historical Benchmark Return,Active Return vs S&P500
Original,2025-02-27,-0.029158215144274437,-0.01586451446090209,-0.013293700683372347
Original,2025-02-28,0.01735795499270485,0.015854114170776867,0.0015038408219279834
Original,2025-03-03,-0.02950372421552667,-0.017596775547904953,-0.011906948667621719
Original,2025-03-04,-0.013619501470104873,-0.012234773630190987,-0.0013847278399138855
Original,2025-03-05,0.01843793794537948,0.011159281084776262,0.0072786568606032186
Original,2025-03-06,-0.03947233966963677,-0.017819030128555013,-0.02165330954108176
Original,2025-03-07,0.01875539856854241,0.005520587189728143,0.013234811378814267
Original,2025-03-10,-0.028719266099602143,-0.026973068524487775,-0.0017461975751143673
Original,2025-03-11,-0.002298940302776509,-0.007567823658488071,0.005268883355711562
Original,2025-03-12,0.017849567794415568,0.004886873280486537,0.012962694513929032
Original,2025-03-13,-0.0029129309291493484,-0.013891022092047178,0.01097809116289783
Original,2025-03-14,0.03627956115803471,0.021265883307494793,0.01501367785053992
Original,2025-03-17,0.028848258891425487,0.006416099479689574,0.022432159411735913
Original,2025-03-18,-0.012783659918267234,-0.010653519220738983,-0.0021301406975282513
Original,2025-03-19,0.015068934780256284,0.010798516740105457,0.004270418040150827
Original,2025-03-20,-0.003261723488452351,-0.002184910374623983,-0.001076813113828368
Original,2025-03-21,-0.007915921830660862,0.0008246672635350283,-0.00874058909419589
Original,2025-03-24,0.026795972136892877,0.017646041682840563,0.009149930454052314
Original,2025-03-25,-0.003461917971368168,0.0015743198608773046,-0.005036237832245473
Original,2025-03-26,-0.025424258653463122,-0.01115698545004451,-0.014267273203418612
Original,2025-03-27,-0.020682162436839936,-0.0033069570393192693,-0.017375205397520667
Original,2025-03-28,-0.02217879045192577,-0.019737200328104554,-0.0024415901238212176
Original,2025-03-31,-0.0047480186355195785,0.0055384935154294546,-0.010286512150949032
Original,2025-04-01,0.007101200547708338,0.003781284246727745,0.003319916300980593
Original,2025-04-02,0.015955143552377496,0.006728125160880394,0.009227018391497102
Original,2025-04-03,-0.10048429372835603,-0.04839560075260485,-0.05208869297575118
Original,2025-04-04,-0.08923686653262454,-0.05974961641947041,-0.02948725011315413
Original,2025-04-07,0.0223953620550573,-0.0023314571311449095,0.02472681918620221
Original,2025-04-08,-0.024063034903541006,-0.015700528421156545,-0.008362506482384461
Original,2025-04-09,0.1396676474501073,0.09515390034057347,0.04451374710953382
Original,2025-04-10,-0.05991222121677293,-0.034607561069471604,-0.025304660147301324
Original,2025-04-11,0.02111308180234784,0.018092083408471682,0.003020998393876158
Original,2025-04-14,0.011596906058802915,0.007944646639420183,0.0036522594193827314
Original,2025-04-15,-0.00039031707120906295,-0.0017277195396940837,0.0013374024684850206
Original,2025-04-16,-0.021368667230923982,-0.022408428964001637,0.0010397617330776543
Original,2025-04-17,0.0038552778488919917,0.0013268381447011368,0.002528439704190855
Original,2025-04-21,-0.02530497117355999,-0.023567493895167213,-0.0017374772783927753
Original,2025-04-22,0.023791024596028162,0.02511728897677501,-0.0013262643807468479
Original,2025-04-23,0.03168666625428935,0.016661119264111734,0.015025546990177614
Original,2025-04-24,0.04770147229457248,0.02025908412793509,0.02744238816663739
Original,2025-04-25,0.0050934773959061186,0.007373144179245283,-0.002279666783339165
Original,2025-04-28,0.0024067227931938856,0.0006406996295162948,0.0017660231636775908
Original,2025-04-29,0.001359086157681544,0.0058023965634184105,-0.004443310405736867
Original,2025-04-30,0.0012367501812624174,0.0014799948928487794,-0.00024324471158636198
Original,2025-05-01,0.013520179647046682,0.006299088176460632,0.00722109147058605
Original,2025-05-02,0.03041338063464779,0.014726612825518126,0.015686767809129663
Original,2025-05-05,-0.0012070147548164866,-0.0063815906321273985,0.005174575877310912
Original,2025-05-06,-0.0010063526060371368,-0.007693287885062627,0.006686935279025491
Original,2025-05-07,0.004958738242166997,0.004346422539330819,0.0006123157028361786
Original,2025-05-08,0.017662563808222495,0.005799747126763233,0.011862816681459262
Original,2025-05-09,0.004856406591479496,-0.0007115188367108338,0.00556792542819033
Original,2025-05-12,0.05283819504353476,0.03255882160670387,0.020279373436830887
Original,2025-05-13,0.024317776875491595,0.007248224304822415,0.01706955257066918
Original,2025-05-14,-0.00440672730017436,0.001024369112638146,-0.005431096412812506
Original,2025-05-15,-0.003616600684925237,0.004132315556174104,-0.007748916241099342
Original,2025-05-16,0.006075447928192467,0.0070053220166539365,-0.0009298740884614697
Original,2025-05-19,-0.002697692568864576,0.000876077054501545,-0.003573769623366121
Original,2025-05-20,-0.0027640646905600927,-0.0038802065866255786,0.0011161418960654859
Original,2025-05-21,-0.02175598350852789,-0.016135114115741978,-0.005620869392785912
Original,2025-05-22,-0.0016153270505262051,-0.0004448543187653975,-0.0011704727317608076
Original,2025-05-23,0.001935078704442805,-0.006708307585916562,0.008643386290359368
Original,2025-05-27,0.027912131577252593,0.020459018201495205,0.007453113375757388
Original,2025-05-28,-0.005475548293889579,-0.005571185873944895,9.563758005531626e-05
Original,2025-05-29,0.0008191654234105661,0.004011174227950942,-0.003192008804540376
Original,2025-05-30,-0.010134846653878996,-8.118846379590039e-05,-0.010053658190083095
Original,2025-06-02,0.013419306620463313,0.00410204188649943,0.009317264733963883
Original,2025-06-03,0.01876993654119581,0.005800260784307065,0.012969675756888746
Original,2025-06-04,0.0066140897969516575,7.369727504324963e-05,0.006540392521908408
Original,2025-06-05,-0.00792705229508878,-0.005277340930292529,-0.0026497113647962513
Original,2025-06-06,0.009986738022287483,0.010280672806559643,-0.00029393478427216027
Original,2025-06-09,0.011038200416372188,0.0009199448033119229,0.010118255613060265
Original,2025-06-10,0.00468493240503634,0.005482960032501483,-0.000798027627465143
Original,2025-06-11,-0.0034566062121911315,-0.002743918089822439,-0.0007126881223686924
Original,2025-06-12,0.00460344389282279,0.0038224979409655635,0.0007809459518572266
Original,2025-06-13,-0.014434420364143835,-0.01129645375054178,-0.0031379666136020553
Original,2025-06-16,0.02486850011923287,0.009392719053299414,0.015475781065933454
Original,2025-06-17,-0.007768039432623839,-0.008352242873078675,0.000584203440454836
Original,2025-06-18,0.003981645826071016,-0.00030922389816012696,0.004290869724231143
Original,2025-06-20,-0.006177553343462953,-0.002178612810510794,-0.003998940532952159
Original,2025-06-23,0.013651160056923852,0.009606490790637912,0.00404466926628594
Original,2025-06-24,0.024563354689591466,0.011121677894565751,0.013441676795025715
Original,2025-06-25,-0.0007614899037327263,-3.282897091061443e-06,-0.0007582070066416649
Original,2025-06-26,0.017255718650317713,0.008020143922681022,0.00923557472763669
Original,2025-06-27,0.0007402571221190254,0.005219002706390752,-0.004478745584271727
Original,2025-06-30,0.0005018248322595164,0.0051643671625301035,-0.004662542330270587
Original,2025-07-01,-0.0020422360600296985,-0.0011184618731818752,-0.0009237741868478233
Original,2025-07-02,0.016458210443999484,0.004745071401949907,0.011713139042049577
Original,2025-07-03,0.0060187140271893555,0.00833892687501403,-0.0023202128478246745
Original,2025-07-07,-0.009573198235362923,-0.00786227873904155,-0.0017109194963213729
Original,2025-07-08,0.005447341374169792,-0.0007158931489344988,0.006163234523104291
Original,2025-07-09,0.011478461997025166,0.0060621442064277,0.005416317790597466
Original,2025-07-10,0.010130351424278868,0.00274617371784025,0.007384177706438618
Original,2025-07-11,-0.003068780488021763,-0.0032975291618766445,0.0002287486738548816
Original,2025-07-14,0.0011015321728773402,0.0014074044490595128,-0.0003058722761821726
Original,2025-07-15,-0.004197102581684526,-0.003956251515499609,-0.00024085106618491718
Original,2025-07-16,-0.0009981355796966215,0.003193588478737075,-0.004191724058433696
Original,2025-07-17,0.008631668586584831,0.005373820585277134,0.0032578480013076977
Original,2025-07-18,0.0068539133462715675,-9.051412020266714e-05,0.006944427466474235
Original,2025-07-21,0.0013244081377014408,0.0013991255862113583,-7.471744850991754e-05
Original,2025-07-22,-0.0042103960624543125,0.0006375285460542557,-0.004847924608508568
Original,2025-07-23,0.01840010804483018,0.007811880905664648,0.010588227139165532
Original,2025-07-24,0.002535963809831632,0.000698232873244109,0.001837730936587523
Original,2025-07-25,0.012195074242293168,0.003974321701619488,0.00822075254067368
Original,2025-07-28,-0.0020555903634534543,0.00017687645570885202,-0.0022324668191623064
Original,2025-07-29,0.001445671695246693,-0.0029594179446209568,0.004405089639867649
Original,2025-07-30,0.005875613768865206,-0.001249438851269713,0.007125052620134919
Original,2025-07-31,0.013909415019922256,-0.0036948561190650597,0.017604271138987316
Original,2025-08-01,-0.012826629781258661,-0.01599207494727417,0.0031654451660155097
Original,2025-08-04,0.021014560168041294,0.01473707159815385,0.006277488569887444
Original,2025-08-05,-0.007980299104421853,-0.004857865951336082,-0.0031224331530857706
Original,2025-08-06,-0.002154359071879313,0.007281888623775545,-0.009436247695654858
Original,2025-08-07,0.009331682127800656,-0.0007974707882983934,0.01012915291609905
Original,2025-08-08,0.017620834952025516,0.007799684542586727,0.00982115040943879
Original,2025-08-11,-0.0002901453821344322,-0.002504127898332431,0.002213982516197999
Original,2025-08-12,0.024004549321228006,0.011345503612643082,0.012659045708584924
Original,2025-08-13,0.0031709275789310663,0.0032300302834731287,-5.910270454206239e-05
Original,2025-08-14,-0.004551172128951704,0.00030309684562790373,-0.004854268974579608
Original,2025-08-15,-0.010372868229823105,-0.0028970988816641174,-0.007475769348158988
Original,2025-08-18,0.006983919610334061,-0.00010077831870769494,0.007084697929041756
Original,2025-08-19,-0.010763829854002144,-0.005858136343549147,-0.004905693510452997
Original,2025-08-20,-0.010302307895300514,-0.002431617579394141,-0.007870690315906374
Original,2025-08-21,0.0010724726502967339,-0.00400420277120217,0.005076675421498904
Original,2025-08-22,0.025674405180313557,0.01518640789806236,0.010487997282251197
Original,2025-08-25,0.0034579487974961687,-0.0042663343080389105,0.007724283105535079
Original,2025-08-26,0.010873210799772227,0.004133976879546308,0.006739233920225919
Original,2025-08-27,0.007704633851416296,0.002390990327779008,0.005313643523637288
Original,2025-08-28,0.014688996814124177,0.003156725398833604,0.011532271415290573
Original,2025-08-29,-0.016496150142349265,-0.0063981691392923645,-0.010097981003056901
Original,2025-09-02,-0.0046154431072941374,-0.006922322011807647,0.0023068789045135093
Original,2025-09-03,0.007713471468281893,0.005100116280157385,0.0026133551881245077
Original,2025-09-04,0.02938213752551965,0.00834643764364329,0.02103569988187636
Original,2025-09-05,0.005428241124973322,-0.003165141001033489,0.008593382126006811
Original,2025-09-08,0.009303102509950239,0.0021059939828742547,0.007197108527075984
Original,2025-09-09,-0.001354572261008698,0.0026881596267984698,-0.004042731887807168
Original,2025-09-10,0.02434532087856355,0.0029834428900241683,0.02136187798853938
Original,2025-09-11,0.01727520543607726,0.008485863528086224,0.008789341907991036
Original,2025-09-12,0.0021565789316633044,-0.0004827346462299431,0.0026393135778932475
Original,2025-09-15,0.02092519908579766,0.004706657817319604,0.016218541268478055
Original,2025-09-16,0.0010712733934427647,-0.00128792734396721,0.0023592007374099748
Original,2025-09-17,6.17600687585941e-05,-0.0009702183823840915,0.0010319784511426857
Original,2025-09-18,0.03136177862724763,0.004789139969850087,0.026572638657397542
Original,2025-09-19,0.006900412048581854,0.004885433567150432,0.0020149784814314214
Original,2025-09-22,0.014670851001801908,0.004410025868950784,0.010260825132851124
Original,2025-09-23,0.0012741483940323355,-0.005502147525676904,0.006776295919709239
Original,2025-09-24,-0.013382129156773503,-0.002846661819580154,-0.01053546733719335
Original,2025-09-25,-0.010190509803933873,-0.005009061505249379,-0.005181448298684494
Original,2025-09-26,0.012227066610604239,0.00590183989631643,0.006325226714287809
Original,2025-09-29,0.018259052455548895,0.0026355795716241914,0.015623472883924704
Original,2025-09-30,0.010562043997892895,0.0040908483593822265,0.006471195638510669
Original,2025-10-01,0.03338500048839749,0.0033998857734067744,0.029985114714990713
Original,2025-10-02,0.006007726254979598,0.0006183692931220897,0.005389356961857508
Original,2025-10-03,0.0012432331765342747,6.552152903416264e-05,0.001177711647500112
Original,2025-10-06,0.007193197407206484,0.0036466298082578064,0.0035465675989486776
Original,2025-10-07,-0.009883058912065906,-0.003811414362608012,-0.006071644549457893
Original,2025-10-08,0.028627166085136643,0.005827608238179849,0.022799557846956794
Original,2025-10-09,-0.003832230674857527,-0.002755518440207827,-0.0010767122346497
Original,2025-10-10,-0.04801903833867745,-0.027111658161485086,-0.02090738017719236
Original,2025-10-13,0.04169358307099586,0.015598602672868944,0.026094980398126917
Original,2025-10-14,-0.005364511899467904,-0.0015643032313906735,-0.003800208668077231
Original,2025-10-15,0.02639306137094735,0.004026001195007511,0.02236706017593984
Original,2025-10-16,0.0011781001458594975,-0.0062943520220175575,0.007472452167877055
Original,2025-10-17,-0.012055737013887628,0.005270724249404557,-0.017326461263292185
Original,2025-10-20,0.008433652707186275,0.010672252892777845,-0.00223860018559157
Original,2025-10-21,-0.00978872211895444,3.266455138950519e-05,-0.009821386670343945
Original,2025-10-22,-0.013910321939465732,-0.005337510300132964,-0.008572811639332769
Original,2025-10-23,0.036747969079246226,0.005827387527241212,0.030920581552005014
Original,2025-10-24,0.031576080611543086,0.007902422519158847,0.02367365809238424
Original,2025-10-27,0.0008611108426281382,0.012290019126314666,-0.011428908283686529
Original,2025-10-28,-0.004911246367841548,0.0022879467532392894,-0.007199193121080838
Original,2025-10-29,0.04441786599586124,-4.353574066628951e-05,0.04446140173652753
Original,2025-10-30,0.002111062161438543,-0.009904812214919234,0.012015874376357778
Original,2025-10-31,0.0013258055883285116,0.0026178701149457417,-0.0012920645266172302
Original,2025-11-03,0.005717731510473043,0.0017207099207625642,0.003997021589710479
Original,2025-11-04,-0.037332737779453305,-0.011736770592982726,-0.02559596718647058
Original,2025-11-05,0.03909400405522959,0.0036535209811638936,0.0354404830740657
Original,2025-11-06,-0.011931733483001361,-0.011178157494750818,-0.0007535759882505433
Original,2025-11-07,0.010031126927565822,0.0012618446740633171,0.008769282253502505
Original,2025-11-10,0.03487840660788916,0.015400963024610581,0.019477443583278582
Original,2025-11-11,-0.01408737104973085,0.0020753963084874094,-0.01616276735821826
Original,2025-11-12,0.011097053533282084,0.0006295086181336007,0.010467544915148484
Original,2025-11-13,-0.04399671366090261,-0.016556900387101336,-0.027439813273801274
Original,2025-11-14,0.0025259969649291812,-0.0005016705034071034,0.0030276674683362846
Original,2025-11-17,-0.0060066677412852106,-0.009162309495983845,0.003155641754698634
Original,2025-11-18,-0.01783966104542132,-0.008256387122493991,-0.009583273922927328
Original,2025-11-19,0.016516872786911087,0.0037537855204221593,0.012763087266488927
Original,2025-11-20,-0.05488590248055087,-0.01556722511953934,-0.03931867736101153
Original,2025-11-21,0.010772013115818142,0.00982296337531885,0.0009490497404992925
Original,2025-11-24,0.04487890927331181,0.015467235297948356,0.029411673975363456
Original,2025-11-25,0.011215046412042061,0.009061731930226413,0.002153314481815648
Original,2025-11-26,0.020623956623612525,0.006906714278112958,0.013717242345499567
Original,2025-11-28,0.017220089886409776,0.005354775922884247,0.011865313963525529
Original,2025-12-01,-0.007389007483774309,-0.00532333492478565,-0.0020656725589886593
Original,2025-12-02,0.00965786397302444,0.002457200816718297,0.007200663156306143
Original,2025-12-03,-0.0017983904229197023,0.002979777051177468,-0.00477816747409717
Original,2025-12-04,0.010385474205574324,0.0010803361305278258,0.009305138075046498
Original,2025-12-05,0.013305878084297553,0.0019366731222436595,0.011369204962053894
Original,2025-12-08,0.00581840241091208,-0.0034772356776897606,0.00929563808860184
Original,2025-12-09,0.005008900332496951,-0.0008763589040255981,0.005885259236522549
Original,2025-12-10,0.030332476414936183,0.006749496748049477,0.023582979666886706
Original,2025-12-11,0.01527784503966697,0.0020793764194066977,0.013198468620260272
Original,2025-12-12,-0.04767737808984259,-0.010663671931604113,-0.03701370615823848
Original,2025-12-15,-0.001119548578023827,-0.0015965058492165562,0.00047695727119272916
Original,2025-12-16,-0.0021611501960700566,-0.0023839178699950336,0.00022276767392497704
Original,2025-12-17,-0.0294153212471027,-0.011592203827500702,-0.017823117419602
Original,2025-12-18,0.030936689908176565,0.007934323499612317,0.023002366408564248
Original,2025-12-19,0.029771728796902694,0.008818024549947179,0.020953704246955515
Original,2025-12-22,0.009686282516784658,0.006436462067451965,0.003249820449332693
Original,2025-12-23,0.0052085774396521635,0.004550417315428268,0.0006581601242238956
Original,2025-12-24,0.005387280436212368,0.0032215161386959235,0.0021657642975164444
Original,2025-12-26,0.0008955321042952091,-0.0003043832632483312,0.0011999153675435403
Original,2025-12-29,-0.01013275727866426,-0.0034920937266411656,-0.006640663552023094
Original,2025-12-30,-0.0036211439850577184,-0.0013756671985912794,-0.002245476786466439
Original,2025-12-31,-0.013261291662861637,-0.0073576325649918894,-0.005903659097869747
Original,2026-01-02,0.04404364343533191,0.0018946753341611,0.04214896810117081
Original,2026-01-05,0.010193444759759073,0.0063541868667500445,0.0038392578930090283
Original,2026-01-06,0.047351508547404206,0.006196709673212952,0.041154798874191253
Original,2026-01-07,-0.015931103734008786,-0.0034399739662078765,-0.01249112976780091
Original,2026-01-08,-0.028039780125868656,7.65793036485718e-05,-0.028116359429517228
Original,2026-01-09,0.03412230792701662,0.006475512391894256,0.027646795535122365
Original,2026-01-12,0.01922889651887721,0.0015775995222702122,0.017651296996607
Original,2026-01-13,0.01594152216337249,-0.0019391538524380358,0.017880676015810525
Original,2026-01-14,-0.005567453021700374,-0.0053333409920530706,-0.00023411202964730357
Original,2026-01-15,0.017192457972908394,0.002579909335027164,0.01461254863788123
Original,2026-01-16,-0.00011623196300404947,-0.000642237636565457,0.0005260056735614075
Original,2026-01-20,0.004195381477614677,-0.020626771431165203,0.024822152908779878
Original,2026-01-21,0.03003639757036906,0.011587703733783039,0.01844869383658602
Original,2026-01-22,-0.001772824601076279,0.005487505126810399,-0.007260329727886678
Original,2026-01-23,-0.012904707123222793,0.0003269037442048539,-0.013231610867427647
Original,2026-01-26,0.004904599929241998,0.005006065986948416,-0.00010146605770641748
Original,2026-01-27,0.0342881240762721,0.004081879304713709,0.030206244771558394
Original,2026-01-28,0.025066720772740057,-8.16782735792998e-05,0.025148399046319356
Original,2026-01-29,0.00742050008247162,-0.0012926284352460238,0.008713128517717644
Original,2026-01-30,-0.03873184420335336,-0.004301902278802894,-0.03442994192455047
Original,2026-02-02,0.03420636738661091,0.005391243444688998,0.028815123941921914
Original,2026-02-03,0.023030622637240983,-0.008403999747722213,0.031434622384963196
Original,2026-02-04,-0.057702207052928896,-0.005072414535814085,-0.05262979251711481
Original,2026-02-05,-0.017311452596441103,-0.01225097054652824,-0.005060482049912864
Original,2026-02-06,0.05930710854734802,0.01969581077900684,0.03961129776834118
Original,2026-02-09,0.023634465970775086,0.0046910837672922145,0.01894338220348287
Original,2026-02-10,-0.016102124559115267,-0.003303746543341979,-0.012798378015773288
Original,2026-02-11,0.028145243908629918,-4.897858051433612e-05,0.028194222489144254
Original,2026-02-12,-0.02658095231816548,-0.015660947897203292,-0.01092000442096219
Original,2026-02-13,0.018381428064569542,0.0004990662631205733,0.01788236180144897
Original,2026-02-17,-0.006941295034721952,0.0010312792104349988,-0.00797257424515695
Original,2026-02-18,0.014499396708739133,0.005566093154976803,0.00893330355376233
Original,2026-02-19,0.002508505389616587,-0.0028221370640183485,0.005330642453634935
Original,2026-02-20,0.01612614323457765,0.00693977898217546,0.009186364252402192
Original,2026-02-23,-0.008393389266701213,-0.010385685815636703,0.00199229654893549
Original,2026-02-24,0.027862938601935262,0.007651639793791798,0.020211298808143464
Original,2026-02-25,0.019974828204695056,0.008136346945676998,0.011838481259018058
Original,2026-02-26,-0.012152300109602967,-0.005365577666988752,-0.006786722442614215
Original,2026-02-27,-0.00622122445978206,-0.00433935555214604,-0.0018818689076360194
Minimum_TE,2025-02-27,-0.016505152424626017,-0.01586451446090209,-0.0006406379637239265
Minimum_TE,2025-02-28,0.023450508864866874,0.015854114170776867,0.007596394694090007
Minimum_TE,2025-03-03,-0.027169401795416513,-0.017596775547904953,-0.00957262624751156
Minimum_TE,2025-03-04,-0.014517635505226506,-0.012234773630190987,-0.0022828618750355186
Minimum_TE,2025-03-05,0.023776949419952637,0.011159281084776262,0.012617668335176375
Minimum_TE,2025-03-06,-0.01778584905450965,-0.017819030128555013,3.318107404536377e-05
Minimum_TE,2025-03-07,0.018506854359907687,0.005520587189728143,0.012986267170179543
Minimum_TE,2025-03-10,-0.014772009147229658,-0.026973068524487775,0.012201059377258117
Minimum_TE,2025-03-11,-0.005998686332816269,-0.007567823658488071,0.001569137325671802
Minimum_TE,2025-03-12,0.00439544319588262,0.004886873280486537,-0.0004914300846039169
Minimum_TE,2025-03-13,0.0037995455260035316,-0.013891022092047178,0.01769056761805071
Minimum_TE,2025-03-14,0.021972204658838822,0.021265883307494793,0.0007063213513440296
Minimum_TE,2025-03-17,0.028005552568005847,0.006416099479689574,0.021589453088316272
Minimum_TE,2025-03-18,-0.006840438136492387,-0.010653519220738983,0.003813081084246596
Minimum_TE,2025-03-19,0.013379015366638082,0.010798516740105457,0.002580498626532625
Minimum_TE,2025-03-20,-0.005181025856153724,-0.002184910374623983,-0.002996115481529741
Minimum_TE,2025-03-21,-0.0012717720573408428,0.0008246672635350283,-0.0020964393208758713
Minimum_TE,2025-03-24,0.0194884835044946,0.017646041682840563,0.0018424418216540367
Minimum_TE,2025-03-25,-0.0008454346955303065,0.0015743198608773046,-0.002419754556407611
Minimum_TE,2025-03-26,-0.014772451285038471,-0.01115698545004451,-0.003615465834993961
Minimum_TE,2025-03-27,-0.007792154050836903,-0.0033069570393192693,-0.004485197011517634
Minimum_TE,2025-03-28,-0.015278444295763338,-0.019737200328104554,0.004458756032341216
Minimum_TE,2025-03-31,6.833259375524336e-05,0.0055384935154294546,-0.005470160921674211
Minimum_TE,2025-04-01,0.0009045409186233838,0.003781284246727745,-0.0028767433281043616
Minimum_TE,2025-04-02,0.013699061719606572,0.006728125160880394,0.006970936558726179
Minimum_TE,2025-04-03,-0.0736540262957366,-0.04839560075260485,-0.02525842554313175
Minimum_TE,2025-04-04,-0.07088999138446003,-0.05974961641947041,-0.011140374964989624
Minimum_TE,2025-04-07,0.005043365057728385,-0.0023314571311449095,0.007374822188873294
Minimum_TE,2025-04-08,-0.019089220452761575,-0.015700528421156545,-0.00338869203160503
Minimum_TE,2025-04-09,0.10447152850594144,0.09515390034057347,0.009317628165367964
Minimum_TE,2025-04-10,-0.038944413473855376,-0.034607561069471604,-0.004336852404383772
Minimum_TE,2025-04-11,0.022981611915637138,0.018092083408471682,0.004889528507165456
Minimum_TE,2025-04-14,0.011481764040024427,0.007944646639420183,0.0035371174006042436
Minimum_TE,2025-04-15,-0.003006625091340096,-0.0017277195396940837,-0.0012789055516460122
Minimum_TE,2025-04-16,-0.016789282082369007,-0.022408428964001637,0.00561914688163263
Minimum_TE,2025-04-17,0.0059211224730024966,0.0013268381447011368,0.00459428432830136
Minimum_TE,2025-04-21,-0.021432614959429292,-0.023567493895167213,0.002134878935737921
Minimum_TE,2025-04-22,0.01970286519486164,0.02511728897677501,-0.005414423781913369
Minimum_TE,2025-04-23,0.02177238428841496,0.016661119264111734,0.005111265024303226
Minimum_TE,2025-04-24,0.035236701719610936,0.02025908412793509,0.014977617591675846
Minimum_TE,2025-04-25,-0.004364422778016911,0.007373144179245283,-0.011737566957262194
Minimum_TE,2025-04-28,0.00454652961049154,0.0006406996295162948,0.003905829980975245
Minimum_TE,2025-04-29,0.003691148611718631,0.0058023965634184105,-0.0021112479516997794
Minimum_TE,2025-04-30,-0.00347299683859833,0.0014799948928487794,-0.00495299173144711
Minimum_TE,2025-05-01,0.006996974330290112,0.006299088176460632,0.0006978861538294795
Minimum_TE,2025-05-02,0.022574009963171583,0.014726612825518126,0.007847397137653457
Minimum_TE,2025-05-05,0.0005304265322245566,-0.0063815906321273985,0.006912017164351955
Minimum_TE,2025-05-06,-0.0015309600551361112,-0.007693287885062627,0.006162327829926516
Minimum_TE,2025-05-07,0.0002014738386960333,0.004346422539330819,-0.004144948700634785
Minimum_TE,2025-05-08,0.014801136013501371,0.005799747126763233,0.009001388886738139
Minimum_TE,2025-05-09,0.005867354820400789,-0.0007115188367108338,0.006578873657111623
Minimum_TE,2025-05-12,0.041272794932706976,0.03255882160670387,0.008713973326003106
Minimum_TE,2025-05-13,0.015137694143991251,0.007248224304822415,0.007889469839168836
Minimum_TE,2025-05-14,-0.004270427640032238,0.001024369112638146,-0.005294796752670384
Minimum_TE,2025-05-15,0.003059748695408212,0.004132315556174104,-0.0010725668607658922
Minimum_TE,2025-05-16,0.006118758416255571,0.0070053220166539365,-0.0008865636003983655
Minimum_TE,2025-05-19,-0.006078062895250223,0.000876077054501545,-0.006954139949751768
Minimum_TE,2025-05-20,-0.005207607577628066,-0.0038802065866255786,-0.0013274009910024878
Minimum_TE,2025-05-21,-0.0231178704669041,-0.016135114115741978,-0.006982756351162123
Minimum_TE,2025-05-22,-0.004677514717120715,-0.0004448543187653975,-0.0042326603983553176
Minimum_TE,2025-05-23,0.0015259018995242217,-0.006708307585916562,0.008234209485440784
Minimum_TE,2025-05-27,0.020115059346150117,0.020459018201495205,-0.00034395885534508827
Minimum_TE,2025-05-28,-0.010892042132464344,-0.005571185873944895,-0.0053208562585194494
Minimum_TE,2025-05-29,0.004951660348190701,0.004011174227950942,0.000940486120239759
Minimum_TE,2025-05-30,-0.0030167149193326857,-8.118846379590039e-05,-0.0029355264555367853
Minimum_TE,2025-06-02,0.008875240414209503,0.00410204188649943,0.004773198527710073
Minimum_TE,2025-06-03,0.013204419582466709,0.005800260784307065,0.0074041587981596435
Minimum_TE,2025-06-04,-0.0014449938471510662,7.369727504324963e-05,-0.0015186911221943158
Minimum_TE,2025-06-05,-0.0018175607217181164,-0.005277340930292529,0.0034597802085744125
Minimum_TE,2025-06-06,0.009633525503589124,0.010280672806559643,-0.0006471473029705192
Minimum_TE,2025-06-09,0.005970531368771901,0.0009199448033119229,0.0050505865654599785
Minimum_TE,2025-06-10,0.004053324653296666,0.005482960032501483,-0.0014296353792048163
Minimum_TE,2025-06-11,-2.5315017173179305e-05,-0.002743918089822439,0.00271860307264926
Minimum_TE,2025-06-12,0.006162417954761691,0.0038224979409655635,0.002339920013796127
Minimum_TE,2025-06-13,-0.012525250984846633,-0.01129645375054178,-0.0012287972343048535
Minimum_TE,2025-06-16,0.013192269716833915,0.009392719053299414,0.0037995506635345004
Minimum_TE,2025-06-17,-0.010254700659160995,-0.008352242873078675,-0.0019024577860823205
Minimum_TE,2025-06-18,0.002093980787860769,-0.00030922389816012696,0.002403204686020896
Minimum_TE,2025-06-20,-0.0032087937372511045,-0.002178612810510794,-0.0010301809267403107
Minimum_TE,2025-06-23,0.012973249910047035,0.009606490790637912,0.0033667591194091236
Minimum_TE,2025-06-24,0.011435324052607538,0.011121677894565751,0.000313646158041787
Minimum_TE,2025-06-25,0.0005542769013224088,-3.282897091061443e-06,0.0005575597984134702
Minimum_TE,2025-06-26,0.015854454238899234,0.008020143922681022,0.007834310316218212
Minimum_TE,2025-06-27,0.0004740580176048224,0.005219002706390752,-0.004744944688785929
Minimum_TE,2025-06-30,0.003372974482317328,0.0051643671625301035,-0.0017913926802127756
Minimum_TE,2025-07-01,0.00811445303524556,-0.0011184618731818752,0.009232914908427436
Minimum_TE,2025-07-02,0.014731942024126024,0.004745071401949907,0.009986870622176116
Minimum_TE,2025-07-03,0.006330117891769434,0.00833892687501403,-0.002008808983244596
Minimum_TE,2025-07-07,-0.00877240903211581,-0.00786227873904155,-0.0009101302930742596
Minimum_TE,2025-07-08,-0.0014846935689160218,-0.0007158931489344988,-0.0007688004199815229
Minimum_TE,2025-07-09,0.023760051190031547,0.0060621442064277,0.017697906983603847
Minimum_TE,2025-07-10,0.006482313300763468,0.00274617371784025,0.003736139582923218
Minimum_TE,2025-07-11,-0.003205316988906226,-0.0032975291618766445,9.22121729704183e-05
Minimum_TE,2025-07-14,0.0038436822500466468,0.0014074044490595128,0.002436277800987134
Minimum_TE,2025-07-15,-0.008235074681673454,-0.003956251515499609,-0.004278823166173845
Minimum_TE,2025-07-16,0.005131707464068937,0.003193588478737075,0.001938118985331862
Minimum_TE,2025-07-17,0.009094801386959202,0.005373820585277134,0.0037209808016820684
Minimum_TE,2025-07-18,0.0022524910313344447,-9.051412020266714e-05,0.002343005151537112
Minimum_TE,2025-07-21,0.0030928671740650315,0.0013991255862113583,0.0016937415878536732
Minimum_TE,2025-07-22,0.006094806864329941,0.0006375285460542557,0.005457278318275686
Minimum_TE,2025-07-23,0.014653618133623248,0.007811880905664648,0.0068417372279586
Minimum_TE,2025-07-24,0.00411388361869756,0.000698232873244109,0.003415650745453451
Minimum_TE,2025-07-25,0.00744111577676319,0.003974321701619488,0.0034667940751437025
Minimum_TE,2025-07-28,-0.005349131446077056,0.00017687645570885202,-0.005526007901785908
Minimum_TE,2025-07-29,0.0019909178438127888,-0.0029594179446209568,0.0049503357884337455
Minimum_TE,2025-07-30,-0.006050441212103327,-0.001249438851269713,-0.004801002360833614
Minimum_TE,2025-07-31,0.024480805402893362,-0.0036948561190650597,0.028175661521958422
Minimum_TE,2025-08-01,-0.011790063979084804,-0.01599207494727417,0.004202010968189366
Minimum_TE,2025-08-04,0.019260684091537982,0.01473707159815385,0.004523612493384132
Minimum_TE,2025-08-05,-0.0030665518089578445,-0.004857865951336082,0.0017913141423782377
Minimum_TE,2025-08-06,0.0005778798129685599,0.007281888623775545,-0.006704008810806986
Minimum_TE,2025-08-07,0.002579670036639934,-0.0007974707882983934,0.0033771408249383275
Minimum_TE,2025-08-08,0.00920360112602028,0.007799684542586727,0.001403916583433553
Minimum_TE,2025-08-11,-0.00576613286805207,-0.002504127898332431,-0.0032620049697196386
Minimum_TE,2025-08-12,0.016382233097379705,0.011345503612643082,0.005036729484736623
Minimum_TE,2025-08-13,0.006891101223467337,0.0032300302834731287,0.003661070939994208
Minimum_TE,2025-08-14,-0.002472651169124142,0.00030309684562790373,-0.0027757480147520457
Minimum_TE,2025-08-15,-0.004410998245957346,-0.0028970988816641174,-0.0015138993642932284
Minimum_TE,2025-08-18,0.006031876071399532,-0.00010077831870769494,0.006132654390107227
Minimum_TE,2025-08-19,-0.006717856296899684,-0.005858136343549147,-0.0008597199533505366
Minimum_TE,2025-08-20,-0.005967489903817402,-0.002431617579394141,-0.0035358723244232615
Minimum_TE,2025-08-21,0.0015297701710062256,-0.00400420277120217,0.005533972942208395
Minimum_TE,2025-08-22,0.02635479600917665,0.01518640789806236,0.01116838811111429
Minimum_TE,2025-08-25,-0.00036292343145353975,-0.0042663343080389105,0.0039034108765853706
Minimum_TE,2025-08-26,0.00550826824398311,0.004133976879546308,0.0013742913644368016
Minimum_TE,2025-08-27,0.006750006472809763,0.002390990327779008,0.004359016145030755
Minimum_TE,2025-08-28,0.007792973583458607,0.003156725398833604,0.004636248184625003
Minimum_TE,2025-08-29,-0.012832961286602683,-0.0063981691392923645,-0.006434792147310318
Minimum_TE,2025-09-02,-0.0012893087323487833,-0.006922322011807647,0.005633013279458863
Minimum_TE,2025-09-03,0.001561425619991634,0.005100116280157385,-0.003538690660165751
Minimum_TE,2025-09-04,0.004455449509641412,0.00834643764364329,-0.003890988134001878
Minimum_TE,2025-09-05,-0.000788700278390164,-0.003165141001033489,0.002376440722643325
Minimum_TE,2025-09-08,0.001779090653501784,0.0021059939828742547,-0.0003269033293724706
Minimum_TE,2025-09-09,0.002192908924439477,0.0026881596267984698,-0.0004952507023589926
Minimum_TE,2025-09-10,0.015790569299111403,0.0029834428900241683,0.012807126409087235
Minimum_TE,2025-09-11,0.009636755117130589,0.008485863528086224,0.0011508915890443647
Minimum_TE,2025-09-12,0.001295148532884068,-0.0004827346462299431,0.001777883179114011
Minimum_TE,2025-09-15,0.007877386286971357,0.004706657817319604,0.0031707284696517526
Minimum_TE,2025-09-16,-0.0008332524964242755,-0.00128792734396721,0.00045467484754293456
Minimum_TE,2025-09-17,0.0016677683521694648,-0.0009702183823840915,0.002637986734553556
Minimum_TE,2025-09-18,0.024469090952684534,0.004789139969850087,0.019679950982834447
Minimum_TE,2025-09-19,0.0061750352117131155,0.004885433567150432,0.0012896016445626832
Minimum_TE,2025-09-22,0.0005139769287650001,0.004410025868950784,-0.0038960489401857843
Minimum_TE,2025-09-23,0.004148809125116337,-0.005502147525676904,0.009650956650793241
Minimum_TE,2025-09-24,-0.004804765696462842,-0.002846661819580154,-0.001958103876882688
Minimum_TE,2025-09-25,-0.006636148968978525,-0.005009061505249379,-0.0016270874637291455
Minimum_TE,2025-09-26,0.008630925005192766,0.00590183989631643,0.002729085108876336
Minimum_TE,2025-09-29,0.0009292028857129898,0.0026355795716241914,-0.0017063766859112017
Minimum_TE,2025-09-30,0.007892242794760168,0.0040908483593822265,0.0038013944353779416
Minimum_TE,2025-10-01,0.02082235449598916,0.0033998857734067744,0.017422468722582386
Minimum_TE,2025-10-02,-0.0009473916184421988,0.0006183692931220897,-0.0015657609115642885
Minimum_TE,2025-10-03,0.0026389696367778988,6.552152903416264e-05,0.002573448107743736
Minimum_TE,2025-10-06,0.007621129159181653,0.0036466298082578064,0.003974499350923847
Minimum_TE,2025-10-07,-0.003912917517299267,-0.003811414362608012,-0.00010150315469125478
Minimum_TE,2025-10-08,0.018300109216447147,0.005827608238179849,0.012472500978267298
Minimum_TE,2025-10-09,-0.00852952245110982,-0.002755518440207827,-0.005774004010901994
Minimum_TE,2025-10-10,-0.03740077609204743,-0.027111658161485086,-0.010289117930562343
Minimum_TE,2025-10-13,0.02556076468673806,0.015598602672868944,0.009962162013869114
Minimum_TE,2025-10-14,0.0106942756144263,-0.0015643032313906735,0.012258578845816973
Minimum_TE,2025-10-15,0.012717652435393195,0.004026001195007511,0.008691651240385683
Minimum_TE,2025-10-16,-0.003961141106967209,-0.0062943520220175575,0.0023332109150503485
Minimum_TE,2025-10-17,-0.013943603236720944,0.005270724249404557,-0.0192143274861255
Minimum_TE,2025-10-20,0.01315134449533292,0.010672252892777845,0.0024790916025550745
Minimum_TE,2025-10-21,-0.01003042520955458,3.266455138950519e-05,-0.010063089760944085
Minimum_TE,2025-10-22,-0.007239835861353192,-0.005337510300132964,-0.0019023255612202281
Minimum_TE,2025-10-23,0.019928424845858897,0.005827387527241212,0.014101037318617685
Minimum_TE,2025-10-24,0.009837821338916983,0.007902422519158847,0.001935398819758136
Minimum_TE,2025-10-27,0.0018678122130480136,0.012290019126314666,-0.010422206913266653
Minimum_TE,2025-10-28,-0.002236079872624868,0.0022879467532392894,-0.004524026625864158
Minimum_TE,2025-10-29,0.018482483120782874,-4.353574066628951e-05,0.018526018861449164
Minimum_TE,2025-10-30,0.026434460232343287,-0.009904812214919234,0.036339272447262524
Minimum_TE,2025-10-31,-0.0005212215687691923,0.0026178701149457417,-0.003139091683714934
Minimum_TE,2025-11-03,-0.0030948542385304035,0.0017207099207625642,-0.004815564159292967
Minimum_TE,2025-11-04,-0.023558010018567985,-0.011736770592982726,-0.011821239425585259
Minimum_TE,2025-11-05,0.021509110698381833,0.0036535209811638936,0.01785558971721794
Minimum_TE,2025-11-06,-0.00825675840644247,-0.011178157494750818,0.0029213990883083484
Minimum_TE,2025-11-07,0.0013041982590558958,0.0012618446740633171,4.235358499257865e-05
Minimum_TE,2025-11-10,0.024065137530298628,0.015400963024610581,0.008664174505688047
Minimum_TE,2025-11-11,-0.003359071852467067,0.0020753963084874094,-0.005434468160954477
Minimum_TE,2025-11-12,0.007121928303223823,0.0006295086181336007,0.0064924196850902225
Minimum_TE,2025-11-13,-0.03125924591678938,-0.016556900387101336,-0.014702345529688042
Minimum_TE,2025-11-14,-2.9462246625156034e-05,-0.0005016705034071034,0.0004722082567819474
Minimum_TE,2025-11-17,-0.011438793257708796,-0.009162309495983845,-0.0022764837617249515
Minimum_TE,2025-11-18,-0.007010432846709118,-0.008256387122493991,0.0012459542757848729
Minimum_TE,2025-11-19,0.01086100662329683,0.0037537855204221593,0.007107221102874671
Minimum_TE,2025-11-20,-0.031352858967286755,-0.01556722511953934,-0.015785633847747414
Minimum_TE,2025-11-21,0.014409453176404708,0.00982296337531885,0.004586489801085858
Minimum_TE,2025-11-24,0.02526361137441606,0.015467235297948356,0.009796376076467703
Minimum_TE,2025-11-25,0.017055019085484395,0.009061731930226413,0.007993287155257982
Minimum_TE,2025-11-26,0.013803566684779923,0.006906714278112958,0.006896852406666966
Minimum_TE,2025-11-28,0.009009182381190474,0.005354775922884247,0.003654406458306227
Minimum_TE,2025-12-01,-0.004035178678521298,-0.00532333492478565,0.0012881562462643522
Minimum_TE,2025-12-02,0.00891369748269496,0.002457200816718297,0.0064564966659766635
Minimum_TE,2025-12-03,0.003914784041390396,0.002979777051177468,0.0009350069902129277
Minimum_TE,2025-12-04,0.007561903167447553,0.0010803361305278258,0.006481567036919727
Minimum_TE,2025-12-05,-0.0009134264669727433,0.0019366731222436595,-0.0028500995892164027
Minimum_TE,2025-12-08,0.000982158265922814,-0.0034772356776897606,0.004459393943612574
Minimum_TE,2025-12-09,0.006651005290436382,-0.0008763589040255981,0.00752736419446198
Minimum_TE,2025-12-10,0.02089036494167812,0.006749496748049477,0.014140868193628642
Minimum_TE,2025-12-11,0.014028395613679802,0.0020793764194066977,0.011949019194273105
Minimum_TE,2025-12-12,-0.030599382799447458,-0.010663671931604113,-0.019935710867843345
Minimum_TE,2025-12-15,0.00037065821562676975,-0.0015965058492165562,0.001967164064843326
Minimum_TE,2025-12-16,-0.0058312042023531,-0.0023839178699950336,-0.0034472863323580663
Minimum_TE,2025-12-17,-0.01706413342960156,-0.011592203827500702,-0.005471929602100859
Minimum_TE,2025-12-18,0.014490468654827667,0.007934323499612317,0.00655614515521535
Minimum_TE,2025-12-19,0.019131843951574468,0.008818024549947179,0.010313819401627289
Minimum_TE,2025-12-22,0.012967986614464057,0.006436462067451965,0.006531524547012092
Minimum_TE,2025-12-23,0.003592550111919993,0.004550417315428268,-0.0009578672035082747
Minimum_TE,2025-12-24,0.002552002663287526,0.0032215161386959235,-0.0006695134754083976
Minimum_TE,2025-12-26,-9.476854746050772e-05,-0.0003043832632483312,0.0002096147157878235
Minimum_TE,2025-12-29,-0.010239610204604578,-0.0034920937266411656,-0.006747516477963412
Minimum_TE,2025-12-30,-0.0006972986779918567,-0.0013756671985912794,0.0006783685205994227
Minimum_TE,2025-12-31,-0.010486743456489145,-0.0073576325649918894,-0.0031291108914972554
Minimum_TE,2026-01-02,0.026851227422029746,0.0018946753341611,0.024956552087868646
Minimum_TE,2026-01-05,0.013281194377768908,0.0063541868667500445,0.006927007511018863
Minimum_TE,2026-01-06,0.01712960032311174,0.006196709673212952,0.010932890649898788
Minimum_TE,2026-01-07,-0.01679531782422481,-0.0034399739662078765,-0.013355343858016934
Minimum_TE,2026-01-08,-0.004022093226330503,7.65793036485718e-05,-0.004098672529979075
Minimum_TE,2026-01-09,0.01659274715951612,0.006475512391894256,0.010117234767621865
Minimum_TE,2026-01-12,0.013691330725511975,0.0015775995222702122,0.012113731203241763
Minimum_TE,2026-01-13,0.01444371729437845,-0.0019391538524380358,0.016382871146816486
Minimum_TE,2026-01-14,-0.0006382245950094739,-0.0053333409920530706,0.004695116397043597
Minimum_TE,2026-01-15,0.018691251036439985,0.002579909335027164,0.01611134170141282
Minimum_TE,2026-01-16,-0.0020605791166456834,-0.000642237636565457,-0.0014183414800802265
Minimum_TE,2026-01-20,-0.004693795139966281,-0.020626771431165203,0.01593297629119892
Minimum_TE,2026-01-21,0.025155492500733963,0.011587703733783039,0.013567788766950924
Minimum_TE,2026-01-22,-0.000777918514822122,0.005487505126810399,-0.006265423641632521
Minimum_TE,2026-01-23,-0.012202278129408257,0.0003269037442048539,-0.012529181873613111
Minimum_TE,2026-01-26,0.007341405939191756,0.005006065986948416,0.0023353399522433402
Minimum_TE,2026-01-27,0.029591542323468327,0.004081879304713709,0.025509663018754618
Minimum_TE,2026-01-28,-0.0042602898954409085,-8.16782735792998e-05,-0.004178611621861609
Minimum_TE,2026-01-29,0.008355781208628068,-0.0012926284352460238,0.009648409643874091
Minimum_TE,2026-01-30,-0.02771456876929719,-0.004301902278802894,-0.023412666490494297
Minimum_TE,2026-02-02,0.02264317443987603,0.005391243444688998,0.017251930995187032
Minimum_TE,2026-02-03,0.021928535817116283,-0.008403999747722213,0.030332535564838496
Minimum_TE,2026-02-04,-0.03343293894073689,-0.005072414535814085,-0.0283605244049228
Minimum_TE,2026-02-05,-0.024022078153479134,-0.01225097054652824,-0.011771107606950895
Minimum_TE,2026-02-06,0.05320337606324027,0.01969581077900684,0.03350756528423343
Minimum_TE,2026-02-09,0.024243474914364727,0.0046910837672922145,0.019552391147072513
Minimum_TE,2026-02-10,-0.006157148365571296,-0.003303746543341979,-0.002853401822229317
Minimum_TE,2026-02-11,0.01245650646638195,-4.897858051433612e-05,0.012505485046896286
Minimum_TE,2026-02-12,-0.03464363190332435,-0.015660947897203292,-0.018982684006121055
Minimum_TE,2026-02-13,0.02374070413186928,0.0004990662631205733,0.023241637868748707
Minimum_TE,2026-02-17,-0.0020133030685487575,0.0010312792104349988,-0.0030445822789837563
Minimum_TE,2026-02-18,0.01059694851572472,0.005566093154976803,0.005030855360747917
Minimum_TE,2026-02-19,0.005537196711193573,-0.0028221370640183485,0.008359333775211922
Minimum_TE,2026-02-20,0.008493213490346487,0.00693977898217546,0.0015534345081710272
Minimum_TE,2026-02-23,-0.013085114341762722,-0.010385685815636703,-0.0026994285261260197
Minimum_TE,2026-02-24,0.03947172191553096,0.007651639793791798,0.03182008212173916
Minimum_TE,2026-02-25,0.008601523587300413,0.008136346945676998,0.0004651766416234153
Minimum_TE,2026-02-26,-0.002434169593455809,-0.005365577666988752,0.002931408073532943
Minimum_TE,2026-02-27,-0.0009267670145950733,-0.00433935555214604,0.003412588537550967
MVO,2025-02-27,-0.02052656411155633,-0.01586451446090209,-0.00466204965065424
MVO,2025-02-28,0.01998929791401515,0.015854114170776867,0.004135183743238284
MVO,2025-03-03,-0.01574939293099543,-0.017596775547904953,0.0018473826169095216
MVO,2025-03-04,-0.02393971174025261,-0.012234773630190987,-0.011704938110061625
MVO,2025-03-05,0.016247575707011096,0.011159281084776262,0.005088294622234833
MVO,2025-03-06,-0.03276959839740106,-0.017819030128555013,-0.014950568268846047
MVO,2025-03-07,0.02243336743591557,0.005520587189728143,0.016912780246187427
MVO,2025-03-10,-0.017943656155768654,-0.026973068524487775,0.009029412368719122
MVO,2025-03-11,0.002294313147932627,-0.007567823658488071,0.009862136806420698
MVO,2025-03-12,0.009045327869201526,0.004886873280486537,0.004158454588714989
MVO,2025-03-13,-0.007630322236444062,-0.013891022092047178,0.006260699855603116
MVO,2025-03-14,0.04155618817485461,0.021265883307494793,0.020290304867359818
MVO,2025-03-17,0.021119116753133712,0.006416099479689574,0.014703017273444138
MVO,2025-03-18,-0.004309234908085023,-0.010653519220738983,0.0063442843126539595
MVO,2025-03-19,0.01186455427602553,0.010798516740105457,0.0010660375359200728
MVO,2025-03-20,-0.004468423840016128,-0.002184910374623983,-0.002283513465392145
MVO,2025-03-21,-0.015724386556597404,0.0008246672635350283,-0.016549053820132432
MVO,2025-03-24,0.017440689071833236,0.017646041682840563,-0.000205352611007327
MVO,2025-03-25,-0.00996758412552371,0.0015743198608773046,-0.011541903986401014
MVO,2025-03-26,-0.015002608582991236,-0.01115698545004451,-0.003845623132946726
MVO,2025-03-27,-0.007217843633336532,-0.0033069570393192693,-0.003910886594017263
MVO,2025-03-28,-0.02321070237097456,-0.019737200328104554,-0.003473502042870006
MVO,2025-03-31,-0.0027756379760663836,0.0055384935154294546,-0.008314131491495838
MVO,2025-04-01,0.004556420887923202,0.003781284246727745,0.000775136641195457
MVO,2025-04-02,0.012666053919902017,0.006728125160880394,0.005937928759021624
MVO,2025-04-03,-0.11235152872788098,-0.04839560075260485,-0.06395592797527613
MVO,2025-04-04,-0.08810392289027849,-0.05974961641947041,-0.028354306470808083
MVO,2025-04-07,0.021550111088673902,-0.0023314571311449095,0.02388156821981881
MVO,2025-04-08,-0.0064724933866997176,-0.015700528421156545,0.009228035034456829
MVO,2025-04-09,0.11197654366524364,0.09515390034057347,0.016822643324670164
MVO,2025-04-10,-0.04838528937549967,-0.034607561069471604,-0.013777728306028067
MVO,2025-04-11,0.018927778498782324,0.018092083408471682,0.0008356950903106418
MVO,2025-04-14,0.0217167421642917,0.007944646639420183,0.013772095524871516
MVO,2025-04-15,-0.00042362272379939153,-0.0017277195396940837,0.0013040968158946921
MVO,2025-04-16,-0.011842162943652012,-0.022408428964001637,0.010566266020349624
MVO,2025-04-17,0.0051457121317199294,0.0013268381447011368,0.0038188739870187926
MVO,2025-04-21,-0.024809513004904644,-0.023567493895167213,-0.0012420191097374314
MVO,2025-04-22,0.018989251270112976,0.02511728897677501,-0.006128037706662034
MVO,2025-04-23,0.02052709631573862,0.016661119264111734,0.0038659770516268864
MVO,2025-04-24,0.04324237261004177,0.02025908412793509,0.02298328848210668
MVO,2025-04-25,0.007667673415750356,0.007373144179245283,0.00029452923650507244
MVO,2025-04-28,-0.0027160153366366916,0.0006406996295162948,-0.0033567149661529864
MVO,2025-04-29,-0.00021575247885453455,0.0058023965634184105,-0.006018149042272945
MVO,2025-04-30,0.016898856256201706,0.0014799948928487794,0.015418861363352927
MVO,2025-05-01,0.006601550953670171,0.006299088176460632,0.0003024627772095388
MVO,2025-05-02,0.02486259553729619,0.014726612825518126,0.010135982711778065
MVO,2025-05-05,0.004780084807492123,-0.0063815906321273985,0.01116167543961952
MVO,2025-05-06,-0.00754790509260371,-0.007693287885062627,0.0001453827924589174
MVO,2025-05-07,0.006091368355564388,0.004346422539330819,0.001744945816233569
MVO,2025-05-08,0.014361303526890024,0.005799747126763233,0.00856155640012679
MVO,2025-05-09,0.002768179718676461,-0.0007115188367108338,0.003479698555387295
MVO,2025-05-12,0.04508228802340881,0.03255882160670387,0.012523466416704938
MVO,2025-05-13,0.017986653066884278,0.007248224304822415,0.010738428762061863
MVO,2025-05-14,-0.004515618932784249,0.001024369112638146,-0.005539988045422395
MVO,2025-05-15,0.0058463922332184825,0.004132315556174104,0.0017140766770443782
MVO,2025-05-16,0.009843668078825038,0.0070053220166539365,0.002838346062171102
MVO,2025-05-19,-0.0009813658003074057,0.000876077054501545,-0.0018574428548089508
MVO,2025-05-20,0.0017192611090085168,-0.0038802065866255786,0.005599467695634096
MVO,2025-05-21,-0.02026268927987139,-0.016135114115741978,-0.004127575164129413
MVO,2025-05-22,0.0016595117847255302,-0.0004448543187653975,0.0021043661034909275
MVO,2025-05-23,0.0027948527175828057,-0.006708307585916562,0.009503160303499368
MVO,2025-05-27,0.02363511750191935,0.020459018201495205,0.0031760993004241456
MVO,2025-05-28,-0.004091621603690928,-0.005571185873944895,0.0014795642702539668
MVO,2025-05-29,0.0035649886740847345,0.004011174227950942,-0.00044618555386620766
MVO,2025-05-30,-0.00722583356199155,-8.118846379590039e-05,-0.007144645098195649
MVO,2025-06-02,0.010495613197095275,0.00410204188649943,0.006393571310595845
MVO,2025-06-03,0.024188268912412207,0.005800260784307065,0.018388008128105142
MVO,2025-06-04,0.0066828617075186435,7.369727504324963e-05,0.006609164432475394
MVO,2025-06-05,-0.0007236561556801913,-0.005277340930292529,0.0045536847746123375
MVO,2025-06-06,0.005695387021026066,0.010280672806559643,-0.004585285785533577
MVO,2025-06-09,0.01551496352580644,0.0009199448033119229,0.014595018722494517
MVO,2025-06-10,-0.0066544270248720064,0.005482960032501483,-0.012137387057373489
MVO,2025-06-11,-0.002670596883932968,-0.002743918089822439,7.332120588947116e-05
MVO,2025-06-12,0.00994616989647031,0.0038224979409655635,0.006123671955504747
MVO,2025-06-13,-0.0008447368793467645,-0.01129645375054178,0.010451716871195015
MVO,2025-06-16,0.018227332416262017,0.009392719053299414,0.008834613362962603
MVO,2025-06-17,0.0020687399792025324,-0.008352242873078675,0.010420982852281206
MVO,2025-06-18,0.010365789704700276,-0.00030922389816012696,0.010675013602860403
MVO,2025-06-20,0.00208356336498295,-0.002178612810510794,0.004262176175493744
MVO,2025-06-23,0.012895960786259939,0.009606490790637912,0.0032894699956220273
MVO,2025-06-24,0.009961653213799548,0.011121677894565751,-0.001160024680766203
MVO,2025-06-25,0.0010853532484271494,-3.282897091061443e-06,0.0010886361455182108
MVO,2025-06-26,0.011064501433432298,0.008020143922681022,0.0030443575107512756
MVO,2025-06-27,0.0023651834248788186,0.005219002706390752,-0.002853819281511933
MVO,2025-06-30,0.0023640359354569875,0.0051643671625301035,-0.002800331227073116
MVO,2025-07-01,0.0032103508384900077,-0.0011184618731818752,0.0043288127116718825
MVO,2025-07-02,0.018863072690949355,0.004745071401949907,0.014118001288999447
MVO,2025-07-03,0.002687822418587725,0.00833892687501403,-0.005651104456426305
MVO,2025-07-07,-0.009102846704604971,-0.00786227873904155,-0.0012405679655634206
MVO,2025-07-08,-0.003828105856679657,-0.0007158931489344988,-0.003112212707745158
MVO,2025-07-09,0.0015951101420353755,0.0060621442064277,-0.004467034064392325
MVO,2025-07-10,0.012212105637581969,0.00274617371784025,0.009465931919741719
MVO,2025-07-11,0.0009186332822456257,-0.0032975291618766445,0.00421616244412227
MVO,2025-07-14,-0.00647710939671698,0.0014074044490595128,-0.007884513845776493
MVO,2025-07-15,-0.00897760746074103,-0.003956251515499609,-0.0050213559452414215
MVO,2025-07-16,-0.00349905476091909,0.003193588478737075,-0.0066926432396561646
MVO,2025-07-17,0.000899671856686163,0.005373820585277134,-0.00447414872859097
MVO,2025-07-18,0.005834673469910717,-9.051412020266714e-05,0.0059251875901133845
MVO,2025-07-21,-0.001717985117898263,0.0013991255862113583,-0.0031171107041096215
MVO,2025-07-22,-0.006235989658247954,0.0006375285460542557,-0.00687351820430221
MVO,2025-07-23,0.02478248817677895,0.007811880905664648,0.016970607271114303
MVO,2025-07-24,0.003256243654567107,0.000698232873244109,0.002558010781322998
MVO,2025-07-25,0.026819347810172874,0.003974321701619488,0.022845026108553386
MVO,2025-07-28,-0.006018509721993209,0.00017687645570885202,-0.006195386177702061
MVO,2025-07-29,0.016514487385917098,-0.0029594179446209568,0.019473905330538055
MVO,2025-07-30,-0.001558234940986802,-0.001249438851269713,-0.0003087960897170891
MVO,2025-07-31,0.03568125206419339,-0.0036948561190650597,0.03937610818325845
MVO,2025-08-01,-0.020833414833474034,-0.01599207494727417,-0.0048413398861998636
MVO,2025-08-04,0.014566188469894516,0.01473707159815385,-0.00017088312825933386
MVO,2025-08-05,-0.0005189092482590525,-0.004857865951336082,0.0043389567030770295
MVO,2025-08-06,-0.003561537917776295,0.007281888623775545,-0.010843426541551841
MVO,2025-08-07,0.0037503600086419564,-0.0007974707882983934,0.00454783079694035
MVO,2025-08-08,0.018423496747242845,0.007799684542586727,0.010623812204656118
MVO,2025-08-11,0.00018588935818582349,-0.002504127898332431,0.0026900172565182544
MVO,2025-08-12,0.025974333496028283,0.011345503612643082,0.014628829883385201
MVO,2025-08-13,0.00018917923081532295,0.0032300302834731287,-0.003040851052657806
MVO,2025-08-14,-0.0025567773161203535,0.00030309684562790373,-0.0028598741617482572
MVO,2025-08-15,-0.013631649558040838,-0.0028970988816641174,-0.010734550676376721
MVO,2025-08-18,0.013461332418996545,-0.00010077831870769494,0.01356211073770424
MVO,2025-08-19,-0.00989867704135881,-0.005858136343549147,-0.004040540697809663
MVO,2025-08-20,-0.003986098275255565,-0.002431617579394141,-0.0015544806958614245
MVO,2025-08-21,0.0020847018691657403,-0.00400420277120217,0.006088904640367911
MVO,2025-08-22,0.019465196570767247,0.01518640789806236,0.004278788672704887
MVO,2025-08-25,0.008209821099422211,-0.0042663343080389105,0.012476155407461121
MVO,2025-08-26,0.009685883855650473,0.004133976879546308,0.005551906976104165
MVO,2025-08-27,0.009767502477476146,0.002390990327779008,0.007376512149697138
MVO,2025-08-28,0.02065881628893284,0.003156725398833604,0.017502090890099235
MVO,2025-08-29,-0.010288756676634047,-0.0063981691392923645,-0.0038905875373416825
MVO,2025-09-02,0.003126935827292075,-0.006922322011807647,0.010049257839099723
MVO,2025-09-03,0.013483856720328456,0.005100116280157385,0.00838374044017107
MVO,2025-09-04,0.03872133021758401,0.00834643764364329,0.030374892573940722
MVO,2025-09-05,0.018822911390225367,-0.003165141001033489,0.021988052391258856
MVO,2025-09-08,0.006386183918049034,0.0021059939828742547,0.004280189935174779
MVO,2025-09-09,0.004246516573038935,0.0026881596267984698,0.0015583569462404656
MVO,2025-09-10,0.025656639580279934,0.0029834428900241683,0.022673196690255765
MVO,2025-09-11,0.032366658372564125,0.008485863528086224,0.0238807948444779
MVO,2025-09-12,0.008999152638039201,-0.0004827346462299431,0.009481887284269144
MVO,2025-09-15,0.02248548639720783,0.004706657817319604,0.017778828579888228
MVO,2025-09-16,0.002684647535929271,-0.00128792734396721,0.003972574879896482
MVO,2025-09-17,0.0006084990611948122,-0.0009702183823840915,0.0015787174435789037
MVO,2025-09-18,0.027781259527644542,0.004789139969850087,0.022992119557794455
MVO,2025-09-19,0.005685095208227223,0.004885433567150432,0.0007996616410767907
MVO,2025-09-22,0.011858053329482988,0.004410025868950784,0.007448027460532204
MVO,2025-09-23,0.00380694403660823,-0.005502147525676904,0.009309091562285134
MVO,2025-09-24,-0.015884837651496623,-0.002846661819580154,-0.013038175831916469
MVO,2025-09-25,-0.01630549622806744,-0.005009061505249379,-0.01129643472281806
MVO,2025-09-26,0.008526605240804062,0.00590183989631643,0.0026247653444876323
MVO,2025-09-29,0.03616483309862631,0.0026355795716241914,0.03352925352700212
MVO,2025-09-30,0.014543371252815436,0.0040908483593822265,0.01045252289343321
MVO,2025-10-01,0.03777423525910144,0.0033998857734067744,0.034374349485694664
MVO,2025-10-02,0.0027936895730193527,0.0006183692931220897,0.002175320279897263
MVO,2025-10-03,0.006363087384881466,6.552152903416264e-05,0.006297565855847303
MVO,2025-10-06,-0.008457574635059927,0.0036466298082578064,-0.012104204443317734
MVO,2025-10-07,-0.019446126608382013,-0.003811414362608012,-0.015634712245774
MVO,2025-10-08,0.025110769407638105,0.005827608238179849,0.019283161169458257
MVO,2025-10-09,-0.014990045706642122,-0.002755518440207827,-0.012234527266434295
MVO,2025-10-10,-0.03960734657595432,-0.027111658161485086,-0.012495688414469235
MVO,2025-10-13,0.04096880717259404,0.015598602672868944,0.025370204499725095
MVO,2025-10-14,-0.011166546962288536,-0.0015643032313906735,-0.009602243730897863
MVO,2025-10-15,0.028612613370025117,0.004026001195007511,0.024586612175017605
MVO,2025-10-16,0.009219654524522175,-0.0062943520220175575,0.015514006546539732
MVO,2025-10-17,-0.01175772104020689,0.005270724249404557,-0.01702844528961145
MVO,2025-10-20,0.00960075346730687,0.010672252892777845,-0.0010714994254709745
MVO,2025-10-21,-0.006776573800436756,3.266455138950519e-05,-0.006809238351826261
MVO,2025-10-22,-0.013898501905551544,-0.005337510300132964,-0.00856099160541858
MVO,2025-10-23,0.03801759307920798,0.005827387527241212,0.03219020555196677
MVO,2025-10-24,0.04455525957454417,0.007902422519158847,0.03665283705538532
MVO,2025-10-27,-0.008901981017113179,0.012290019126314666,-0.021192000143427845
MVO,2025-10-28,-0.00821887113621344,0.0022879467532392894,-0.01050681788945273
MVO,2025-10-29,0.05850402014864788,-4.353574066628951e-05,0.05854755588931417
MVO,2025-10-30,0.01889657104126285,-0.009904812214919234,0.028801383256182086
MVO,2025-10-31,0.003336294107001318,0.0026178701149457417,0.0007184239920555763
MVO,2025-11-03,0.015193997406341543,0.0017207099207625642,0.013473287485578979
MVO,2025-11-04,-0.02929790016394894,-0.011736770592982726,-0.017561129570966214
MVO,2025-11-05,0.042965000815517435,0.0036535209811638936,0.03931147983435354
MVO,2025-11-06,-0.005068256625568959,-0.011178157494750818,0.006109900869181859
MVO,2025-11-07,0.015608463890106129,0.0012618446740633171,0.014346619216042812
MVO,2025-11-10,0.04656537963923849,0.015400963024610581,0.03116441661462791
MVO,2025-11-11,-0.008363985990886438,0.0020753963084874094,-0.010439382299373847
MVO,2025-11-12,0.008202757834234603,0.0006295086181336007,0.007573249216101002
MVO,2025-11-13,-0.053164900146690106,-0.016556900387101336,-0.03660799975958877
MVO,2025-11-14,0.008183926502450919,-0.0005016705034071034,0.008685597005858022
MVO,2025-11-17,0.0009477357723590858,-0.009162309495983845,0.010110045268342931
MVO,2025-11-18,-0.024251752481145365,-0.008256387122493991,-0.015995365358651373
MVO,2025-11-19,0.00633497971428178,0.0037537855204221593,0.0025811941938596204
MVO,2025-11-20,-0.06850422665188409,-0.01556722511953934,-0.05293700153234475
MVO,2025-11-21,0.014872062025755323,0.00982296337531885,0.005049098650436474
MVO,2025-11-24,0.05322798952265277,0.015467235297948356,0.037760754224704415
MVO,2025-11-25,0.0117718502850513,0.009061731930226413,0.0027101183548248874
MVO,2025-11-26,0.013734891398403417,0.006906714278112958,0.006828177120290459
MVO,2025-11-28,0.013562895023242464,0.005354775922884247,0.008208119100358216
MVO,2025-12-01,-0.009294511155373846,-0.00532333492478565,-0.003971176230588196
MVO,2025-12-02,-0.009007101615411009,0.002457200816718297,-0.011464302432129305
MVO,2025-12-03,-0.009719848927119253,0.002979777051177468,-0.01269962597829672
MVO,2025-12-04,0.024387438549654302,0.0010803361305278258,0.023307102419126476
MVO,2025-12-05,0.017560632499770377,0.0019366731222436595,0.015623959377526718
MVO,2025-12-08,0.007736055027674164,-0.0034772356776897606,0.011213290705363924
MVO,2025-12-09,0.005107325584803815,-0.0008763589040255981,0.005983684488829413
MVO,2025-12-10,0.043064499577536705,0.006749496748049477,0.03631500282948723
MVO,2025-12-11,0.018963607272010064,0.0020793764194066977,0.016884230852603366
MVO,2025-12-12,-0.05142344297327738,-0.010663671931604113,-0.04075977104167327
MVO,2025-12-15,-0.005404324431247623,-0.0015965058492165562,-0.0038078185820310667
MVO,2025-12-16,-0.00018637954014926085,-0.0023839178699950336,0.002197538329845773
MVO,2025-12-17,-0.02216854104207214,-0.011592203827500702,-0.010576337214571439
MVO,2025-12-18,0.035853307054264795,0.007934323499612317,0.027918983554652478
MVO,2025-12-19,0.03185066715242553,0.008818024549947179,0.02303264260247835
MVO,2025-12-22,0.00839717055900854,0.006436462067451965,0.001960708491556575
MVO,2025-12-23,0.005157849092358912,0.004550417315428268,0.0006074317769306442
MVO,2025-12-24,0.007691277428659543,0.0032215161386959235,0.004469761289963619
MVO,2025-12-26,0.0011631873904753014,-0.0003043832632483312,0.0014675706537236326
MVO,2025-12-29,-0.011613158014496907,-0.0034920937266411656,-0.008121064287855742
MVO,2025-12-30,-0.006463276880114939,-0.0013756671985912794,-0.0050876096815236594
MVO,2025-12-31,-0.014277598747133266,-0.0073576325649918894,-0.006919966182141376
MVO,2026-01-02,0.05913049408242989,0.0018946753341611,0.05723581874826879
MVO,2026-01-05,0.00952518762385121,0.0063541868667500445,0.003171000757101165
MVO,2026-01-06,0.07871097858748494,0.006196709673212952,0.07251426891427198
MVO,2026-01-07,-0.022634597416406825,-0.0034399739662078765,-0.01919462345019895
MVO,2026-01-08,-0.02709049041034761,7.65793036485718e-05,-0.02716706971399618
MVO,2026-01-09,0.0417228802406461,0.006475512391894256,0.03524736784875184
MVO,2026-01-12,0.026433443944121487,0.0015775995222702122,0.024855844421851275
MVO,2026-01-13,0.008184332693050668,-0.0019391538524380358,0.010123486545488704
MVO,2026-01-14,-0.004296369423718244,-0.0053333409920530706,0.0010369715683348265
MVO,2026-01-15,0.023532726428745963,0.002579909335027164,0.0209528170937188
MVO,2026-01-16,0.015893173997402865,-0.000642237636565457,0.016535411633968322
MVO,2026-01-20,0.01284645340341783,-0.020626771431165203,0.03347322483458303
MVO,2026-01-21,0.042977524035964644,0.011587703733783039,0.031389820302181605
MVO,2026-01-22,0.0009244159398995291,0.005487505126810399,-0.00456308918691087
MVO,2026-01-23,-0.010894146917116989,0.0003269037442048539,-0.011221050661321843
MVO,2026-01-26,0.004824021346312155,0.005006065986948416,-0.00018204464063626118
MVO,2026-01-27,0.04043794965245514,0.004081879304713709,0.03635607034774143
MVO,2026-01-28,0.04556003922419372,-8.16782735792998e-05,0.04564171749777302
MVO,2026-01-29,0.004223246728938087,-0.0012926284352460238,0.005515875164184111
MVO,2026-01-30,-0.029133357994478092,-0.004301902278802894,-0.0248314557156752
MVO,2026-02-02,0.051419827778090565,0.005391243444688998,0.04602858433340157
MVO,2026-02-03,0.023414589386000252,-0.008403999747722213,0.031818589133722465
MVO,2026-02-04,-0.05145755330323817,-0.005072414535814085,-0.04638513876742408
MVO,2026-02-05,-0.019602740387685412,-0.01225097054652824,-0.007351769841157173
MVO,2026-02-06,0.05463546434480465,0.01969581077900684,0.03493965356579781
MVO,2026-02-09,0.011980485111349708,0.0046910837672922145,0.0072894013440574935
MVO,2026-02-10,-0.030711263323959452,-0.003303746543341979,-0.027407516780617473
MVO,2026-02-11,0.036787642191584084,-4.897858051433612e-05,0.03683662077209842
MVO,2026-02-12,-0.006128082443713323,-0.015660947897203292,0.00953286545348997
MVO,2026-02-13,0.014358658458145624,0.0004990662631205733,0.01385959219502505
MVO,2026-02-17,-0.013717978648710933,0.0010312792104349988,-0.014749257859145931
MVO,2026-02-18,0.022828167948990945,0.005566093154976803,0.01726207479401414
MVO,2026-02-19,0.0006569225743233264,-0.0028221370640183485,0.003479059638341675
MVO,2026-02-20,0.02284811224088918,0.00693977898217546,0.01590833325871372
MVO,2026-02-23,-0.011304743028094848,-0.010385685815636703,-0.0009190572124581457
MVO,2026-02-24,0.0002997494002829706,0.007651639793791798,-0.007351890393508828
MVO,2026-02-25,0.02033308359069275,0.008136346945676998,0.012196736645015752
MVO,2026-02-26,-0.004330155213499945,-0.005365577666988752,0.0010354224534888075
MVO,2026-02-27,-0.006642091162136262,-0.00433935555214604,-0.0023027356099902217
