Date,Portfolio,Predicted Total Risk,Predicted Proxy Tracking Error,Systematic Risk,Idiosyncratic Risk,Proxy Active Systematic Risk,Proxy Active Idiosyncratic Risk,Proxy Benchmark Idiosyncratic Variance Daily,Turnover
2019-04-30,Original,0.13875755931447029,0.08224190366535833,0.13080039041146568,0.046313260899194915,0.06844121821565287,0.04560186802817912,7.170043605944315e-07,0.5
2019-04-30,Minimum_TE,0.10947824074605464,0.05440945536342601,0.09916064117958033,0.04639668563276495,0.029860683347526795,0.04548327629979378,7.170043605944315e-07,0.5
2019-04-30,MVO,0.1387575593145384,0.09005867482207328,0.12398739924615403,0.06229594766196627,0.06617115380171197,0.061089633451659506,7.170043605944315e-07,0.5
2019-05-31,Original,0.1295794011174973,0.06173228291755023,0.1217154801513926,0.04445405589465619,0.04230405492799789,0.044958221615866885,7.314619232485428e-07,0.5555555555555556
2019-05-31,Minimum_TE,0.11438681950343392,0.04685164594597696,0.10722547639582855,0.03983769179807966,0.023798824245304922,0.04035706496251017,7.314619232485428e-07,0.667315940544415
2019-05-31,MVO,0.12957940111866711,0.07387603283503848,0.11729025124103455,0.05508010673634736,0.04887820831456812,0.05539484614475762,7.314619232485428e-07,0.4809430096111644
2019-06-30,Original,0.14081974276347245,0.06059144158691515,0.13504330688675675,0.03991873265848731,0.04581359077962463,0.0396539744976168,7.420766466592819e-07,0.5555555555555556
2019-06-30,Minimum_TE,0.11972535903203493,0.04260132560816804,0.11467843077027123,0.03439504486721567,0.026226920220030925,0.033571142359849586,7.420766466592819e-07,0.6869487560661234
2019-06-30,MVO,0.1408197427634732,0.07692874669693042,0.1275638846638839,0.05964608353806711,0.048629355483685334,0.059608873950124625,7.420766466592819e-07,0.44714771341552534
2019-07-31,Original,0.12430129790074008,0.061527374972300646,0.11604006864033381,0.04455911949034844,0.04170932040567271,0.04523218392117521,7.724036060209653e-07,0.5789473684210527
2019-07-31,Minimum_TE,0.11389870157696774,0.05303977484020136,0.10639523020009949,0.04065672406364031,0.03317420629493727,0.04138465599470656,7.724036060209653e-07,0.6919376729974254
2019-07-31,MVO,0.12430129790082879,0.07104633128971227,0.11441955645927919,0.04856930882246943,0.05069852181452223,0.04977189041567503,7.724036060209653e-07,0.5911041657449001
2019-08-31,Original,0.1582222708269924,0.06513280080954617,0.15108224270150927,0.046994073306454,0.04484128303495774,0.047239190055237294,7.497198491516716e-07,0.5789473684210527
2019-08-31,Minimum_TE,0.13860846495207402,0.052306656032731866,0.13261442642886892,0.040320223949185205,0.03280427616729331,0.040741449783561666,7.497198491516716e-07,0.7236575551502888
2019-08-31,MVO,0.15822227082699414,0.08268378927806692,0.1446510255740551,0.0641121500655277,0.0516332042910545,0.06458034704163494,7.497198491516716e-07,0.5202980011339754
2019-09-30,Original,0.13164598999454832,0.0665313599010159,0.12491279841954256,0.04156271733950327,0.050856998454064266,0.04289507615708137,7.336829322357397e-07,0.6842105263157894
2019-09-30,Minimum_TE,0.1330315047730678,0.059856976594690914,0.1254959203059536,0.04413791169446625,0.03892138731070445,0.04547508391270444,7.336829322357397e-07,0.7373776384488808
2019-09-30,MVO,0.1316459900413135,0.07793536990089596,0.11977983450891524,0.0546210393435944,0.05457981622030498,0.05563241449862853,7.336829322357397e-07,0.7670756743213549
2019-10-31,Original,0.15969814973142027,0.07293339289593914,0.15169548306908626,0.04991973000804084,0.053169292321748426,0.04992300224663867,7.774315896398196e-07,0.3684210526315789
2019-10-31,Minimum_TE,0.1377684476950844,0.05789160688612003,0.12995894358374055,0.04572546514702012,0.035559547775258354,0.04568322131676112,7.774315896398196e-07,0.4772693056656854
2019-10-31,MVO,0.15969814973143515,0.0910649613214551,0.13925032852109503,0.07818468542119347,0.0468797031435343,0.07807125343974064,7.774315896398196e-07,0.5727824553498468
2019-11-30,Original,0.15902840286282566,0.07622080616741052,0.15101603635746283,0.04984164604006006,0.05764274671037755,0.0498690790419597,7.814929955331403e-07,0.5263157894736842
2019-11-30,Minimum_TE,0.13547940427656158,0.06148360487486532,0.12643659976287133,0.048666777410626784,0.037792944364276576,0.04849667024329875,7.814929955331403e-07,0.6225737416692436
2019-11-30,MVO,0.15902840287450687,0.08712220121345685,0.14129830269212432,0.07297138190510905,0.048487594789357845,0.07238253308513802,7.814929955331403e-07,0.6269001827066627
2019-12-31,Original,0.20276749367552643,0.11563793655762473,0.19626611845496783,0.0509339497592243,0.10368440358226116,0.05120231269284655,7.664313848008459e-07,0.47368421052631576
2019-12-31,Minimum_TE,0.14852146929592355,0.06908040806094888,0.13980876164887063,0.05012122312982042,0.046653711365031825,0.05094638351969168,7.664313848008459e-07,0.5991184657076652
2019-12-31,MVO,0.17079531014211533,0.09379127516177951,0.1561532284362047,0.06918964673628447,0.06295323940073737,0.06952476497929413,7.664313848008459e-07,0.6
2020-01-31,Original,0.16293403632432923,0.07687544584929519,0.15647818653809165,0.04541010163705912,0.06256560742910483,0.0446696646680391,7.901927632110825e-07,0.5263157894736842
2020-01-31,Minimum_TE,0.12804731818101217,0.049308683896710705,0.12173645472802723,0.03970329058907266,0.03175521830072642,0.037722041544685087,7.901927632110825e-07,0.7037720169811553
2020-01-31,MVO,0.16293403632433032,0.08219462433582528,0.15048624401436755,0.06246111234509371,0.05510914576336716,0.06098309866626484,7.901927632110825e-07,0.7166975957742764
2020-02-29,Original,0.17555579774257724,0.07848274026443178,0.16942851227893327,0.04597626940042051,0.06357984253515789,0.04601243465215451,8.165087549666748e-07,0.5263157894736842
2020-02-29,Minimum_TE,0.14987922992252906,0.05875429546186964,0.14308398603604364,0.044617894417011555,0.038473107247705036,0.044405937147269633,8.165087549666748e-07,0.660185557616783
2020-02-29,MVO,0.17555579774257768,0.08089540108001908,0.1631918010778286,0.06471687710332798,0.04960323235508625,0.06390293620659755,8.165087549666748e-07,0.6408294475099192
2020-03-31,Original,0.3287653607729316,0.09600952803671141,0.3241852841727076,0.05468604913519261,0.07888923375748559,0.054720364317033476,1.0982091938775741e-06,0.7
2020-03-31,Minimum_TE,0.30179818915296736,0.05316957981803788,0.29853617929363563,0.04425264544373006,0.030437265818250347,0.043595608351482726,1.0982091938775741e-06,0.7257279244661179
2020-03-31,MVO,0.3287653607760272,0.12817808085813368,0.31806212947193446,0.08320543396900085,0.09761332911482933,0.08307381291113503,1.0982091938775741e-06,0.6000000000000034
2020-04-30,Original,0.45703618808005864,0.2309523428662361,0.45111782569270803,0.07331292216952094,0.21902734986531572,0.073253018274881,1.191456315012473e-06,0.5
2020-04-30,Minimum_TE,0.3328948238280606,0.08919346747742105,0.3256227635941153,0.0692010083802717,0.05716253487832425,0.06846838136636596,1.191456315012473e-06,0.7109318963491573
2020-04-30,MVO,0.45703618808005864,0.24458485134891172,0.4439455064764257,0.10860232269219923,0.2191230301456067,0.1086593169920407,1.191456315012473e-06,0.33392415941870934
2020-05-31,Original,0.4399174095791425,0.1900637700131228,0.4336097808002867,0.07422860126090447,0.17488235688602746,0.0744338492998271,1.2282531830341056e-06,0.35
2020-05-31,Minimum_TE,0.3423747169323858,0.08414445718105616,0.33559868560712064,0.06777882422485837,0.049666063075360596,0.06792327916766751,1.2282531830341056e-06,0.46480771090476786
2020-05-31,MVO,0.4399174095791427,0.22011477148263775,0.42747246284817914,0.10389716433731613,0.1939856234408609,0.10401966411748477,1.2282531830341056e-06,0.5114905737279474
2020-06-30,Original,0.47412976053128003,0.23666764421595712,0.4682498951896125,0.07443833337982374,0.2245411011064707,0.07478547808648806,1.3802687162898773e-06,0.3
2020-06-30,Minimum_TE,0.35021008355034894,0.09543547562492927,0.34287199409456603,0.0713154841949364,0.06305710298458146,0.07163610661494911,1.3802687162898773e-06,0.4259192408500075
2020-06-30,MVO,0.47412976053140876,0.2578005666030742,0.4614431387671825,0.10894613121291555,0.23368749216893858,0.10886362176897454,1.3802687162898773e-06,0.33312960794981034
2020-07-31,Original,0.45650191590604516,0.19317916503887828,0.4500108438307583,0.076708797804547,0.17757117996400118,0.0760701377106054,1.6504268476961552e-06,0.45
2020-07-31,Minimum_TE,0.36431124393486436,0.09930578805831582,0.3570268058297439,0.07248822232872427,0.06966584747012516,0.0707694089148157,1.6504268476961552e-06,0.668451102133529
2020-07-31,MVO,0.4565019159088523,0.20825591560449,0.44382908510481217,0.10681639594874127,0.17954226935793127,0.10552298279554324,1.6504268476961552e-06,0.4692058456062932
2020-08-31,Original,0.4687177108679134,0.2119515685592497,0.4622998705104218,0.0772989146579954,0.1985680104253123,0.0741229562987027,2.0299613572422645e-06,0.4
2020-08-31,Minimum_TE,0.36349390038472984,0.09787615582859537,0.3558291021689944,0.0742527148763685,0.07115031223509155,0.067211419778431,2.0299613572422645e-06,0.6240624472629406
2020-08-31,MVO,0.4687177108680928,0.22635057200583547,0.45818906153099603,0.09878803760967278,0.2062161035125955,0.0933247025146687,2.0299613572422645e-06,0.40055941417834195
2020-09-30,Original,0.43613831181070745,0.15541410983955156,0.4310925495878552,0.06615013770912732,0.14173714400833015,0.06375051015938685,1.978352642901464e-06,0.45000000000000007
2020-09-30,Minimum_TE,0.35968269168394534,0.09002426527370512,0.3529606747420573,0.06921272124862411,0.0632293232864675,0.06408136246059232,1.978352642901464e-06,0.628932204369122
2020-09-30,MVO,0.4361383118107308,0.16467478145931563,0.4281606729525186,0.08303652910593429,0.1451104855586241,0.0778506944709789,1.978352642901464e-06,0.47685079463171054
2020-10-31,Original,0.41846340889731815,0.15751384804883034,0.4114689484743477,0.07619008483640569,0.13798044112195337,0.07597374674807854,2.011150594582538e-06,0.5
2020-10-31,Minimum_TE,0.34941289661144703,0.08761191232085244,0.3417674221590929,0.07269388880181171,0.05120418508808559,0.07109133990847134,2.011150594582538e-06,0.5866509379787274
2020-10-31,MVO,0.3785895658875979,0.13890146582778468,0.3653913616786115,0.09909193816658315,0.09917752416215767,0.09724934915037667,2.011150594582538e-06,0.46655254990385253
2020-11-30,Original,0.49262473273632856,0.22839005234803614,0.48621450210309725,0.07921227965521757,0.214029498865237,0.07970815282663501,1.9941801909167444e-06,0.5
2020-11-30,Minimum_TE,0.3722557872631774,0.09245319881776073,0.364619452617427,0.07501350494341588,0.05448737063413275,0.07469083218852929,1.9941801909167444e-06,0.5460542191235629
2020-11-30,MVO,0.49262473273632346,0.23530550060276934,0.4793766255584303,0.11347765494469213,0.20613779447145655,0.11347197144829825,1.9941801909167444e-06,0.600000000000027
2020-12-31,Original,0.5165656513808724,0.2519681292737146,0.5095044518490361,0.08511924419635222,0.23812431431204661,0.08236958846026238,2.5735332119099424e-06,0.35
2020-12-31,Minimum_TE,0.38627650543214315,0.10253006491492533,0.3775190319359631,0.08178581279783073,0.06297498036833253,0.08091085254196086,2.5735332119099424e-06,0.4256097537295153
2020-12-31,MVO,0.5086452959360337,0.24722109973118384,0.4910249964734665,0.13271959130470348,0.2116912231350246,0.12769141787877986,2.5735332119099424e-06,0.500000000000022
2021-01-31,Original,0.47570517630021725,0.20432253496932856,0.46958192569915247,0.07608041676736779,0.19060021039904895,0.07361561038346934,2.8192742153534914e-06,0.55
2021-01-31,Minimum_TE,0.39111980528119794,0.10827008782437232,0.382125649074987,0.08339478642110716,0.07042632873806794,0.08223468938334286,2.8192742153534914e-06,0.6925850179748756
2021-01-31,MVO,0.47570517630023607,0.21884731822790188,0.46338591803833135,0.1075588477188725,0.19325262255927836,0.10270137569431892,2.8192742153534914e-06,0.7076168763988847
2021-02-28,Original,0.5489256898161419,0.2872729738940792,0.5423636297943166,0.08462331839665015,0.27494956642713386,0.0832375963821601,2.3481009768465503e-06,0.35000000000000003
2021-02-28,Minimum_TE,0.42712694978192606,0.14757152238948165,0.4184463418456571,0.0856743265278427,0.12104100755871146,0.08441817760127991,2.3481009768465503e-06,0.526437192020522
2021-02-28,MVO,0.5489256898161452,0.2848733081096889,0.5363388961618135,0.1168760086761108,0.26126981337842775,0.11353803895857666,2.3481009768465503e-06,0.4000000000000178
2021-03-31,Original,0.45706125501205763,0.3155703217601899,0.4511372660850658,0.0733495602065185,0.30707525160696375,0.07272838391130135,1.9148967388178725e-06,0.5
2021-03-31,Minimum_TE,0.3630423429440229,0.20269656692701135,0.35015527448768236,0.09586984154957877,0.18015971449703239,0.09288904949639745,1.9148967388178725e-06,0.7009287082555387
2021-03-31,MVO,0.457061255012117,0.30410901962557785,0.4441031490092048,0.10806194461215034,0.28520368547236596,0.10555166322995506,1.9148967388178725e-06,0.7812269815487873
2021-04-30,Original,0.31709964253381057,0.18704069989617453,0.31037157191156434,0.06497438452355743,0.17560778025570226,0.06439045683419105,1.866292124762879e-06,0.45
2021-04-30,Minimum_TE,0.27658286391732945,0.13909157059902014,0.265938694086264,0.07599139162039646,0.11721443334159817,0.07488151726634716,1.866292124762879e-06,0.5890496405370111
2021-04-30,MVO,0.3170996425338164,0.1913298462191932,0.30224034773744507,0.0959320358098505,0.16688556527327084,0.0935752005484411,1.866292124762879e-06,0.46060467931681165
2021-05-31,Original,0.3085569487424764,0.18923148920935826,0.30193389050995934,0.06358707713668783,0.17832999581943168,0.06330062479496504,1.6579470464238526e-06,0.28571428571428575
2021-05-31,Minimum_TE,0.2551086124710779,0.13038948903132289,0.2457478212903284,0.06847198323384121,0.11131509777790546,0.06789968966456926,1.6579470464238526e-06,0.2974629457624606
2021-05-31,MVO,0.28932762398811473,0.17846796208921067,0.27327098675498424,0.09504442014429446,0.15228116735327843,0.09306588828243541,1.6579470464238526e-06,0.20000000000000004
2021-06-30,Original,0.24899745440602836,0.15719580502225397,0.2403920507918127,0.06489525573405748,0.143669304197943,0.06379382531149391,1.7428862816665166e-06,0.3333333333333333
2021-06-30,Minimum_TE,0.21664100118405702,0.11154890021632437,0.20476782769795196,0.07073514072858307,0.08754426136065672,0.06913146492219382,1.7428862816665166e-06,0.4810197551684088
2021-06-30,MVO,0.2489974544060162,0.16865533616034503,0.22648910491374266,0.10345248984943661,0.13502732800778444,0.10105564361497671,1.7428862816665166e-06,0.42076000224771914
2021-07-31,Original,0.25114243764022337,0.17132261008498986,0.24341239420635058,0.06182984983489485,0.15936082853136918,0.06289326717645558,1.7490051249785129e-06,0.38095238095238093
2021-07-31,Minimum_TE,0.2041093007877029,0.1049454909530654,0.19337486377423163,0.06532050771650763,0.08156885993736093,0.0660308803507808,1.7490051249785129e-06,0.5600345045375379
2021-07-31,MVO,0.25114243764022354,0.18073574458313937,0.22942886829416123,0.10215144823806456,0.14886199077258944,0.10249642468517273,1.7490051249785129e-06,0.5268082364282768
2021-08-31,Original,0.2647704505347525,0.1843236963523936,0.25661524027610094,0.06520743772312185,0.17215197645904226,0.06587049444367907,1.4941900099134792e-06,0.3333333333333333
2021-08-31,Minimum_TE,0.223667712788348,0.13290645801797307,0.21214282840585952,0.07087077042006083,0.1118935469318405,0.0717214105961061,1.4941900099134792e-06,0.5180847569743285
2021-08-31,MVO,0.25789418385667573,0.17114137662566486,0.23795371325110326,0.09943560940182634,0.13936877990595573,0.09932630054951679,1.4941900099134792e-06,0.4344818703226866
2021-09-30,Original,0.30420921046989147,0.24015591377219003,0.2980407749902336,0.060950309088106086,0.2320817120713938,0.061749023002524064,1.3838088775266782e-06,0.47619047619047616
2021-09-30,Minimum_TE,0.22041961112887756,0.13794409421114426,0.2057917382120085,0.07895926452219382,0.11287648251776419,0.07929358626112151,1.3838088775266782e-06,0.5869345643907604
2021-09-30,MVO,0.30420921046991845,0.24249348678048255,0.28866907578946804,0.0959865012258781,0.22276765481062932,0.09580012056948765,1.3838088775266782e-06,0.5986495289907987
2021-10-31,Original,0.32306385918736125,0.27245462524799857,0.3174915573661986,0.05974418895773029,0.2661159960738535,0.05842772845702742,1.5355387712760746e-06,0.42857142857142855
2021-10-31,Minimum_TE,0.2265689459353891,0.1612110076502254,0.21122370539706065,0.08196361107594632,0.14075513803516684,0.0785937663196144,1.5355387712760746e-06,0.5773702444951917
2021-10-31,MVO,0.3230638591873647,0.2716304478209632,0.31043237682883723,0.08945387934255396,0.25757925996392317,0.08623238962161892,1.5355387712760746e-06,0.43941432000064723
2021-11-30,Original,0.22138489361971864,0.1478386465198343,0.21468562554079523,0.05404954494879286,0.13733344666901134,0.05473380884632768,1.7320694629661142e-06,0.5714285714285714
2021-11-30,Minimum_TE,0.17225136252245507,0.08837427401207744,0.15837235185114898,0.06774016578056268,0.05666371416471061,0.06781766587122945,1.7320694629661142e-06,0.8364505002210816
2021-11-30,MVO,0.221384893619814,0.14855561725379152,0.20913019435986485,0.07263492913235002,0.1300044936093849,0.07188604217108073,1.7320694629661142e-06,0.6394644423192413
2021-12-31,Original,0.21112137978900802,0.1231597530280051,0.2049602092878678,0.05063150810205062,0.11179495759687119,0.05167409623624764,1.558216556808261e-06,0.2857142857142857
2021-12-31,Minimum_TE,0.16052142629255675,0.07302578719839478,0.1510137066015516,0.05442415564303423,0.04798575040793886,0.055046647070754774,1.558216556808261e-06,0.4855777887314483
2021-12-31,MVO,0.21112137978901072,0.13618677643627375,0.1979822756622403,0.07331613415624422,0.11491773237994268,0.07308045471092446,1.558216556808261e-06,0.47571392832508996
2022-01-31,Original,0.24651499532306487,0.1793327748047871,0.24232277585561826,0.04526936293740475,0.17305612759547262,0.047029999158451956,1.4507516268657695e-06,0.42857142857142855
2022-01-31,Minimum_TE,0.18707518502206363,0.08730609466699372,0.1796742190986078,0.05209894281408044,0.06930944124151169,0.05309006988874198,1.4507516268657695e-06,0.5581096012391242
2022-01-31,MVO,0.24651499532307541,0.17234540603016893,0.2372436242789476,0.06697093144137564,0.15865627057359008,0.0673136448826207,1.4507516268657695e-06,0.42027534233205577
2022-02-28,Original,0.2264645944041237,0.14438077146212833,0.22052869237177564,0.051510274309296764,0.13459299047623155,0.052254512557906106,1.4765861079238661e-06,0.38095238095238093
2022-02-28,Minimum_TE,0.17651068692335237,0.06841244132109751,0.1689183197903227,0.051211559606869954,0.04483502332071549,0.051672844041561215,1.4765861079238661e-06,0.6586439295636923
2022-02-28,MVO,0.22646459470057143,0.14828255415815356,0.21619342559937607,0.0674285946798621,0.13229057550601195,0.06698447208087778,1.4765861079238661e-06,0.5228675691599125
2022-03-31,Original,0.25617854179209243,0.20872350099720413,0.2502862240249523,0.054628301621542766,0.201834151281994,0.053183411368649895,1.6192036637241132e-06,0.42857142857142855
2022-03-31,Minimum_TE,0.2005227778059615,0.10364558930357651,0.18756064281726595,0.07092524011233925,0.07912987349522967,0.06693931059336215,1.6192036637241132e-06,0.6984956384157694
2022-03-31,MVO,0.25617854179209015,0.1941721764750377,0.2405258971224266,0.08817447526452049,0.17297445208972212,0.08821945953877529,1.6192036637241132e-06,0.4918403359222101
2022-04-30,Original,0.2462534683390418,0.18929721637762276,0.24154167856086256,0.04794150797595351,0.18327579883294798,0.04736473044852362,1.512385736831598e-06,0.42857142857142855
2022-04-30,Minimum_TE,0.19503111075328816,0.08924521066714054,0.18517519095921628,0.06121505382566559,0.06791463104318346,0.0578991409028714,1.512385736831598e-06,0.6099705423678696
2022-04-30,MVO,0.24625346833904366,0.1947849995039408,0.23703630923503083,0.06674248102403167,0.18261683848074547,0.06776641007938619,1.512385736831598e-06,0.3626368441359699
2022-05-31,Original,0.2646837270021464,0.18367266938800778,0.2598885807972691,0.050153772649004946,0.17695281164657353,0.049227552554323394,1.4583543819183647e-06,0.42857142857142855
2022-05-31,Minimum_TE,0.20173283718426532,0.08174469782943929,0.19263572642018909,0.059896698615026944,0.05779448121521979,0.057809978068582096,1.4583543819183647e-06,0.6808204356177338
2022-05-31,MVO,0.2646837270021461,0.1788216925899992,0.25460774234126193,0.07233514277052469,0.1629871973955206,0.07356881965823413,1.4583543819183647e-06,0.6495290494727939
2022-06-30,Original,0.2838785132916939,0.2243479438455778,0.2796384717487306,0.04888082882620561,0.21893041043997266,0.0490048496816757,1.4561855075306574e-06,0.38095238095238093
2022-06-30,Minimum_TE,0.2069799254437594,0.10959421028814222,0.19579830321112446,0.0671097161098806,0.08799420417481484,0.06532925041910809,1.4561855075306574e-06,0.7708831170890024
2022-06-30,MVO,0.283878513291695,0.2303099314949878,0.27572666516663347,0.06754122019026773,0.21961720554646105,0.0693609946092864,1.4561855075306574e-06,0.6859754084781189
2022-07-31,Original,0.27154856881319883,0.1902268496315617,0.2671684164174715,0.04857635735084606,0.18381425195210072,0.04897524987213872,1.7357034587959838e-06,0.38095238095238093
2022-07-31,Minimum_TE,0.21382772087866042,0.08370132785671897,0.20463271228786803,0.062030212621535775,0.0576006608584115,0.06072953279626167,1.7357034587959838e-06,0.7878852132928567
2022-07-31,MVO,0.2715485688131997,0.1963778119611832,0.2623043188653206,0.07025005002914411,0.18419091758762166,0.06810250295614542,1.7357034587959838e-06,0.5815358904521823
2022-08-31,Original,0.29217625987105716,0.22245180172798018,0.2876851320312754,0.051031672913859856,0.2164984942735952,0.051119527279608785,1.6702568296764603e-06,0.3333333333333333
2022-08-31,Minimum_TE,0.23319956210898113,0.10742002461064022,0.22239155628930077,0.07017144333019887,0.08313000784876762,0.06803281180735062,1.6702568296764603e-06,0.6677123204862685
2022-08-31,MVO,0.29217625989063173,0.2297771819589115,0.282870595562358,0.07315184898466245,0.21858398432350665,0.07084204363398712,1.6702568296764603e-06,0.3624982686832988
2022-09-30,Original,0.23629322633836236,0.16227921629835537,0.23109456164013972,0.049292924378091234,0.15357191209502224,0.05244246235530111,1.764650938339862e-06,0.5909090909090908
2022-09-30,Minimum_TE,0.2031163310536455,0.0929640659321838,0.19540694808812367,0.055428950734967466,0.07229368410336788,0.05844605028062951,1.764650938339862e-06,0.8018666311775153
2022-09-30,MVO,0.23629322633835423,0.15086818012623626,0.2213066038819238,0.0828122931190651,0.12494768287963745,0.08455344060185854,1.764650938339862e-06,0.6552154712586421
2022-10-31,Original,0.27304819883871106,0.18956773583319375,0.26912961228664645,0.04609306541665106,0.18305533073722371,0.04926126630131593,1.6300911776789403e-06,0.5454545454545454
2022-10-31,Minimum_TE,0.2198168328717208,0.08652154398932818,0.2132954034429098,0.05314612764708629,0.06575277660187055,0.05623655344561717,1.6300911776789403e-06,0.7506749999863909
2022-10-31,MVO,0.2730481988387154,0.19997265481304924,0.26428360728270334,0.06862575180432265,0.18694650088156498,0.07099343970479219,1.6300911776789403e-06,0.7000000000000306
2022-11-30,Original,0.23147779010217248,0.19113167856813257,0.2272457770492519,0.044060459868992825,0.18531556324787596,0.046791672019649226,1.4458463303083987e-06,0.5909090909090909
2022-11-30,Minimum_TE,0.1831206561261383,0.13501315440587136,0.17518290128076547,0.053330345947883884,0.12289661979702843,0.05590145530384965,1.4458463303083987e-06,0.8506977907428677
2022-11-30,MVO,0.231477790102166,0.18736400522014046,0.22315695118495688,0.061505629404284536,0.17624044559337496,0.06359697940296741,1.4458463303083987e-06,0.5430465245074376
2022-12-31,Original,0.26635296934338004,0.20795088102239628,0.2621863877758513,0.04692762878184289,0.20203250508267126,0.04925886527328074,1.289279783028191e-06,0.5
2022-12-31,Minimum_TE,0.19707618588268208,0.11876398488403926,0.1871366893917441,0.061797107744322094,0.10019994617510167,0.06375621453664762,1.289279783028191e-06,0.7509320775795754
2022-12-31,MVO,0.2663529693434246,0.2114707829254258,0.25642824828537397,0.07203095001007495,0.19822879085982614,0.07365621837525915,1.289279783028191e-06,0.7093784038866916
2023-01-31,Original,0.23907929926708257,0.13830865629456998,0.23244960225633704,0.05591148136930331,0.12640340298867847,0.05613790269409111,1.4516503052065431e-06,0.5454545454545454
2023-01-31,Minimum_TE,0.22502731289948877,0.08725751780761472,0.21555330229013372,0.06460700753465257,0.059766769248902236,0.06357521299606218,1.4516503052065431e-06,0.7253517483467082
2023-01-31,MVO,0.22702075440216224,0.11815722401762939,0.208932001856092,0.08880226083683249,0.07944048028310248,0.08746622022210782,1.4516503052065431e-06,0.7999999999999745
2023-02-28,Original,0.2405140269592306,0.13097941566517843,0.23415270335397992,0.054950056198047645,0.11889306290417435,0.05495495356431141,1.5783229277570298e-06,0.36363636363636365
2023-02-28,Minimum_TE,0.22975474393014397,0.0834973398269612,0.2221237666901505,0.058722011458954865,0.06066379705216019,0.05737342141962042,1.5783229277570298e-06,0.5845512703204343
2023-02-28,MVO,0.24051402695923074,0.12603847600140144,0.22616825508743613,0.08182247585382639,0.09752585621187573,0.07983986975751142,1.5783229277570298e-06,0.6374712537402993
2023-03-31,Original,0.241413539529249,0.11355514519486516,0.23588743251529506,0.05135772823424317,0.09961634456148742,0.05451013572202807,1.7727564069693117e-06,0.6818181818181819
2023-03-31,Minimum_TE,0.2324240837867423,0.08268165024544064,0.22544174351328872,0.05654179874920114,0.057294105915047314,0.05961242080896155,1.7727564069693117e-06,0.663146275738196
2023-03-31,MVO,0.2414135395293017,0.1343235051036579,0.22636878167263824,0.08389083234842266,0.10340855220083625,0.08572908115137674,1.7727564069693117e-06,0.7789236916423757
2023-04-30,Original,0.22842667524544666,0.08597760000679924,0.22211380993200894,0.05333105475401892,0.06499607867054837,0.05628194613178416,1.817753019680476e-06,0.6818181818181819
2023-04-30,Minimum_TE,0.22265248287985837,0.07479519243688655,0.21720813408468387,0.048936230136940644,0.053460750443619726,0.05230935837568556,1.817753019680476e-06,0.8340985879906575
2023-04-30,MVO,0.22842667524545132,0.11936845690391987,0.21125104636319855,0.08690075588937436,0.079959330695688,0.0886303217771468,1.817753019680476e-06,0.700404574613335
2023-05-31,Original,0.22351165179267468,0.07734453847951332,0.21629917714840272,0.05632161620562541,0.051956252807026405,0.05729507332102191,2.1068457044181896e-06,0.5909090909090908
2023-05-31,Minimum_TE,0.2165831654717434,0.06222216310989012,0.21111062010923376,0.04837947542972503,0.038057790508681175,0.049226031362187915,2.1068457044181896e-06,0.6963480298132694
2023-05-31,MVO,0.22351165179270172,0.11658537746008538,0.20467096671164614,0.08981789283000453,0.07216747814797185,0.09156421427213027,2.1068457044181896e-06,0.6999999999999988
2023-06-30,Original,0.24193899735613722,0.08597316903526052,0.23481999966399442,0.05825844316058086,0.06251595977529266,0.059018137613275026,2.2070171651498487e-06,0.5
2023-06-30,Minimum_TE,0.2206255840116559,0.06468411631095139,0.21469586268610108,0.050806838771518446,0.038516820641398275,0.05196623356187211,2.2070171651498487e-06,0.6647902473530592
2023-06-30,MVO,0.24193899735615398,0.11092625627528435,0.2264894973876226,0.08507047675194472,0.06898791165951601,0.08686369999089884,2.2070171651498487e-06,0.6262889568308333
2023-07-31,Original,0.21549499166181016,0.0775958296786004,0.20732231728556097,0.05878391095077642,0.051535731515894315,0.05801018152559101,2.262614533136422e-06,0.6363636363636364
2023-07-31,Minimum_TE,0.20378208967926803,0.059149463524207746,0.19686834701855574,0.052630732621071805,0.031092599692678937,0.05031808104004369,2.262614533136422e-06,0.7766865279761235
2023-07-31,MVO,0.21549499166181588,0.1075929535661788,0.1944364099710579,0.09291164571189547,0.05612301975933997,0.09179569875645939,2.262614533136422e-06,0.6555062510119792
2023-08-31,Original,0.19873514969714745,0.07858883786362654,0.19001254467119166,0.0582313712076746,0.052400524282684574,0.0585695355253494,2.366062303652715e-06,0.5909090909090908
2023-08-31,Minimum_TE,0.19369640178202321,0.06440153617345139,0.18677619681133018,0.05131226332952211,0.04078390608827064,0.049842059203884105,2.366062303652715e-06,0.643016097570126
2023-08-31,MVO,0.19873514969714762,0.11324732999774871,0.17737421144232002,0.08963285580836321,0.07161761966403354,0.0877261323966629,2.366062303652715e-06,0.7138597943487042
2023-09-30,Original,0.19930341917573788,0.06804382934373229,0.1931900125193901,0.048984405252057266,0.04803113155913057,0.04819723138219099,2.310922285697777e-06,0.5454545454545454
2023-09-30,Minimum_TE,0.19567543776303062,0.057987381018088716,0.18882439867028747,0.05132468617106209,0.030775535813342747,0.049146747122659644,2.310922285697777e-06,0.6175064135173555
2023-09-30,MVO,0.19930341917574781,0.09479760064569298,0.18360404141964784,0.07753327588536481,0.05663879155573122,0.076017316312053,2.310922285697777e-06,0.5354845588520849
2023-10-31,Original,0.17286415174472886,0.06794963014831688,0.163617957294181,0.055777943752922735,0.03947476469809286,0.05530727971364399,2.2072335445195407e-06,0.6363636363636364
2023-10-31,Minimum_TE,0.1717161257204026,0.05960575478766874,0.16312574125412077,0.05363226988221498,0.029734316194049995,0.051659621023386844,2.2072335445195407e-06,0.7650054921061898
2023-10-31,MVO,0.1728641517447385,0.09056857869598732,0.15491818560819204,0.07669661482942867,0.05294786249015104,0.07347918960314752,2.2072335445195407e-06,0.7681639443606627
2023-11-30,Original,0.1639322744702663,0.058586230329576064,0.15644146730765374,0.04898834473242612,0.03487976009089395,0.04707174014450517,2.2339039148669047e-06,0.5454545454545454
2023-11-30,Minimum_TE,0.15796245995414052,0.04428291117817569,0.15192235658471154,0.04326356809731722,0.021787481791771604,0.038552326253903514,2.2339039148669047e-06,0.6938237972060108
2023-11-30,MVO,0.16393227447028919,0.08511555559833468,0.1451947277538891,0.07610704070896626,0.04369484920859615,0.07304394538530383,2.2339039148669047e-06,0.6207704991574112
2023-12-31,Original,0.19965684650234125,0.09363297508967303,0.19187116841674898,0.05521151225651225,0.07634486890415178,0.05420880939617848,2.139262279741672e-06,0.6086956521739131
2023-12-31,Minimum_TE,0.15866854315772266,0.060661622132744196,0.1505033020185286,0.050244031180963794,0.03425912797310265,0.05006140779381276,2.139262279741672e-06,0.7192874564620577
2023-12-31,MVO,0.19965684650234153,0.10183365044784387,0.18485313778470655,0.07544649631631573,0.0730991311445854,0.07089858524286898,2.139262279741672e-06,0.660044223474275
2024-01-31,Original,0.16562299722423357,0.06381301509633427,0.15873915500274713,0.047253125595586885,0.046606800433782014,0.04358792320139379,2.1549930062435948e-06,0.6086956521739131
2024-01-31,Minimum_TE,0.1428301848012079,0.042742195968549064,0.13646771187234158,0.04215477798156171,0.02169175381489572,0.03682883561352176,2.1549930062435948e-06,0.8039620840515751
2024-01-31,MVO,0.1656229972242685,0.08479425756578497,0.1484905188225401,0.07335900101121139,0.04953378755183415,0.06882201687615992,2.1549930062435948e-06,0.7722030145507695
2024-02-29,Original,0.17648970295795446,0.08171877979438338,0.1690868174502233,0.050579278511480016,0.06549274344933613,0.04887391458193584,2.350252195748691e-06,0.5217391304347826
2024-02-29,Minimum_TE,0.15396007133768538,0.06358383188110613,0.144637119819601,0.052761796184318414,0.03964014821881273,0.04971480992496426,2.350252195748691e-06,0.7076913170340788
2024-02-29,MVO,0.17648970295797894,0.09152114533254381,0.15858451858711614,0.07745686357378707,0.056492248391693096,0.07200517977640118,2.350252195748691e-06,0.6966877263697363
2024-03-31,Original,0.191397071107794,0.10395387449191824,0.18233702563389328,0.05818975778972526,0.08745259358691232,0.05620010584335081,2.4820081593743045e-06,0.47826086956521746
2024-03-31,Minimum_TE,0.14667854665148614,0.06260685279077838,0.13798967319173622,0.049733752525121466,0.041765778899845556,0.04663944392094968,2.4820081593743045e-06,0.5289257203018853
2024-03-31,MVO,0.1913970711077963,0.1220067699285867,0.1664470196066694,0.09448930358881816,0.08160403696905254,0.09069968610067289,2.4820081593743045e-06,0.6653700410388492
2024-04-30,Original,0.1848084754546164,0.09972878140056046,0.17387798428423007,0.06261484792852723,0.07914334989947024,0.06068080426568848,2.4857665631021656e-06,0.391304347826087
2024-04-30,Minimum_TE,0.14987886723237687,0.06653111718192341,0.14061012541160062,0.051888991844074174,0.04419953064087947,0.04972716606243292,2.4857665631021656e-06,0.5454378330332523
2024-04-30,MVO,0.1848084754546196,0.12189308451097132,0.15825820866048246,0.09543852467130831,0.08028129003597577,0.09172152703568741,2.4857665631021656e-06,0.5493645984895856
2024-05-31,Original,0.17355360782528753,0.09979080801512634,0.16166616011219884,0.06312612346525479,0.07711654237377337,0.06333438447341079,2.6426087061293038e-06,0.43478260869565216
2024-05-31,Minimum_TE,0.141741271783496,0.06914837645024016,0.1307887790134817,0.05463408652998166,0.04689350874835574,0.050818272333600756,2.6426087061293038e-06,0.5693590330688889
2024-05-31,MVO,0.17355360782703136,0.11037308158834036,0.1507410893722886,0.0860115036761636,0.07307805555318406,0.08271526422536643,2.6426087061293038e-06,0.47020023514977594
2024-06-30,Original,0.18466937031756014,0.10495369803113933,0.17518579819814606,0.05841842554505045,0.08708881933152694,0.05857317029026379,3.049881722014516e-06,0.34782608695652173
2024-06-30,Minimum_TE,0.13673272852128768,0.0651609553051949,0.12597817683673768,0.053153908696988696,0.041914079635810446,0.04989148248517525,3.049881722014516e-06,0.4371004208331022
2024-06-30,MVO,0.18466937031757705,0.11096745149701355,0.16891368347069088,0.07463875581662426,0.0852047535186444,0.07109096475339964,3.049881722014516e-06,0.6162751055874309
2024-07-31,Original,0.20098197652612518,0.12206319480426032,0.19156800332255655,0.06079025408202279,0.10586267634710458,0.060766086614582854,2.9664934751578108e-06,0.30434782608695654
2024-07-31,Minimum_TE,0.1463070243852088,0.08042424232761591,0.1350998592383652,0.05615846702170553,0.05844130597353598,0.05525099555735295,2.9664934751578108e-06,0.5156349136777961
2024-07-31,MVO,0.20098197652641983,0.13626456848649474,0.18213454018257694,0.08497507964660954,0.10920312255004827,0.08150282602541924,2.9664934751578108e-06,0.511796320468495
2024-08-31,Original,0.21185811213228725,0.12373692528457013,0.20274265779452708,0.061475803261674414,0.10748819496029097,0.06129530669682444,2.94648174383059e-06,0.3913043478260869
2024-08-31,Minimum_TE,0.1532059827408436,0.07531280217189548,0.14262444328096446,0.05594945331620865,0.052732898025807946,0.053770434597302685,2.94648174383059e-06,0.5635543941693884
2024-08-31,MVO,0.2118581121322833,0.1364835195647391,0.19172824548524833,0.09013400889455368,0.10535277979666967,0.08676717640843769,2.94648174383059e-06,0.26125809718777226
2024-09-30,Original,0.254123156604013,0.15920462316394426,0.24495088707776985,0.06765827105536602,0.14425184421733603,0.06736109765043116,3.0710191078558204e-06,0.34782608695652173
2024-09-30,Minimum_TE,0.174581298431582,0.09345391972874267,0.1607829393557937,0.06802555530216753,0.06480999070368529,0.06732978700140455,3.0710191078558204e-06,0.5220169090327129
2024-09-30,MVO,0.2541231566041181,0.17013150503197097,0.2334470605451787,0.10040442542665542,0.13931857701230616,0.09764764771211684,3.0710191078558204e-06,0.45190517392775764
2024-10-31,Original,0.23217590277207828,0.13776405719660492,0.22415455467214684,0.06050111939262849,0.12310263378894369,0.061843973105668505,3.305484551146769e-06,0.3913043478260869
2024-10-31,Minimum_TE,0.18257977330817834,0.09335044846557417,0.1704663207579301,0.06539577286430893,0.06726991012782668,0.06472298988858546,3.305484551146769e-06,0.5982679870051029
2024-10-31,MVO,0.2321759032032643,0.14950424763326273,0.21298547046143132,0.09242748184698271,0.11937651985314492,0.09000425861113265,3.305484551146769e-06,0.4549051437947434
2024-11-30,Original,0.19511984166261542,0.10896839488353027,0.18502868107466539,0.06193657877388675,0.08881446899465885,0.06313557777267717,3.4307125495528768e-06,0.5652173913043479
2024-11-30,Minimum_TE,0.1584720066408751,0.07143239872509155,0.14789936204072995,0.056913580073042674,0.047254858871255655,0.05356832926905757,3.4307125495528768e-06,0.8076177162775644
2024-11-30,MVO,0.19511984166261606,0.13519773392950782,0.17246761326764304,0.09125061634973801,0.0990601605216943,0.09200821624773599,3.4307125495528768e-06,0.726775219379169
2024-12-31,Original,0.20557288189632758,0.10739301290080311,0.1962482939369553,0.06121124813296849,0.09039623063576603,0.05798086500525375,3.984105417336141e-06,0.5652173913043478
2024-12-31,Minimum_TE,0.15890382180408116,0.06394337480960205,0.14808489563140126,0.057630619203511736,0.037136705345114034,0.05205401327612915,3.984105417336141e-06,0.6993535236632842
2024-12-31,MVO,0.2055728818963398,0.13211957770722488,0.1841291740554243,0.09141475281831553,0.09430129854983874,0.09253565748050648,3.984105417336141e-06,0.5663496992204746
2025-01-31,Original,0.2467534983717467,0.15107657073823025,0.23930932945064354,0.060152587613326786,0.1400050277658619,0.056769026998035856,3.763074452414487e-06,0.41666666666666663
2025-01-31,Minimum_TE,0.1754122738312156,0.07788821098150457,0.16484906729564822,0.05995207104339442,0.05387946101086708,0.05624568508852767,3.763074452414487e-06,0.6081228344801723
2025-01-31,MVO,0.2467534983717623,0.1789259621830016,0.22754628964341578,0.09544618917598562,0.15043373011960398,0.09687204336347546,3.763074452414487e-06,0.5003616802598043
2025-02-28,Original,0.22974864115609023,0.14219147207496155,0.2214856048244871,0.06106197645508248,0.12949992189230544,0.05872124794936969,3.513664212244856e-06,0.25
2025-02-28,Minimum_TE,0.1645931303440486,0.0772629777704303,0.15291846938749815,0.06088382606766568,0.05392540848874698,0.05533189002081693,3.513664212244856e-06,0.5247963744851871
2025-02-28,MVO,0.22974864115608348,0.17472538390822304,0.2073961152714879,0.09884983299612864,0.1420606641762002,0.10172378028609036,3.513664212244856e-06,0.46267355741395716
2025-03-31,Original,0.2266370091193303,0.132027127202552,0.21841591573558383,0.060488194351805046,0.11685575046370653,0.06144831894301743,3.099601376577427e-06,0.37499999999999994
2025-03-31,Minimum_TE,0.15813447126805225,0.07552118761948842,0.14676547517731547,0.05887619467325683,0.04590323437905265,0.05996951603106138,3.099601376577427e-06,0.5588809787784175
2025-03-31,MVO,0.22663700911934254,0.14037920033256227,0.20826492258701532,0.0893871127310054,0.10760362127059256,0.0901542044247773,3.099601376577427e-06,0.5708315359297846
2025-04-30,Original,0.28603176955980936,0.13325160682400053,0.2794396875574938,0.06105435459724491,0.11835728817630264,0.06121717942481237,3.1717240790550417e-06,0.375
2025-04-30,Minimum_TE,0.2124714370477636,0.07225075310570851,0.2034094385656701,0.06138983518092113,0.03897326637999172,0.06083794730278344,3.1717240790550417e-06,0.5745754367509307
2025-04-30,MVO,0.2860317695598138,0.1340404582123875,0.2692621060692729,0.09649917840405692,0.09739482445646187,0.09209284775096148,3.1717240790550417e-06,0.4900474932975376
2025-05-31,Original,0.28433588378408725,0.12505694234308642,0.2766418147785065,0.06569780151064779,0.10622477065319919,0.0659964917846189,3.6436678588351305e-06,0.45833333333333326
2025-05-31,Minimum_TE,0.2207989466661714,0.07140314613016141,0.2120266255217761,0.06161886820397894,0.036652209003617486,0.0612782575832597,3.6436678588351305e-06,0.6800792445564284
2025-05-31,MVO,0.2843358837840873,0.14427125699593046,0.2645650681728375,0.1041739867240372,0.10151073260853914,0.10251715349376167,3.6436678588351305e-06,0.6054329501313622
2025-06-30,Original,0.31043980208047794,0.13969805542494615,0.30358337476117436,0.06488455351146875,0.12340903138499007,0.06546569836280566,3.784159953223819e-06,0.45833333333333326
2025-06-30,Minimum_TE,0.23989629056156123,0.0829132096859289,0.2320811838242399,0.060733469684650675,0.05551049472669112,0.06158884083680104,3.784159953223819e-06,0.7566596554593477
2025-06-30,MVO,0.31043980208047794,0.13969805542494615,0.30358337476117436,0.06488455351146875,0.12340903138499007,0.06546569836280566,3.784159953223819e-06,0.7155145147238472
2025-07-31,Original,0.3252145934737678,0.15079817287125077,0.31870946286638624,0.06472101735701953,0.1344304072932496,0.0683268214998961,4.060519524042296e-06,0.4583333333333333
2025-07-31,Minimum_TE,0.2611895638114246,0.09249938287349312,0.2540289441302203,0.06073947471033681,0.06571159618519527,0.06510085989271495,4.060519524042296e-06,0.7599925418185685
2025-07-31,MVO,0.3252145934737678,0.16641486596690633,0.3061913423779472,0.10959650387260884,0.12391827177420539,0.11107731332399777,4.060519524042296e-06,0.6943604971159699
2025-08-31,Original,0.3385072354879924,0.16981585943627778,0.33080573941575664,0.07179631778383665,0.1537375413662048,0.0721262399599211,3.783422693333991e-06,0.49999999999999994
2025-08-31,Minimum_TE,0.27965048124934055,0.12154128821775398,0.26854009271754875,0.07804236199807174,0.09214115483381409,0.07926091298693348,3.783422693333991e-06,0.8271867817991544
2025-08-31,MVO,0.338507235487993,0.19484338616854016,0.3155415249267487,0.12255894306261607,0.15072653517524734,0.12347249381011052,3.783422693333991e-06,0.5177585641725629
2025-09-30,Original,0.31751725767521094,0.14823269448234774,0.3084604280479551,0.0752952405538266,0.12864748807564394,0.07363936125010927,4.165879423100335e-06,0.49999999999999994
2025-09-30,Minimum_TE,0.23302250355345028,0.0790156960892256,0.22467460796323377,0.06181268234662662,0.04931956322366259,0.061733790681376514,4.165879423100335e-06,0.6906253284176826
2025-09-30,MVO,0.3175172576752111,0.1665670679955287,0.29655590676385574,0.11345396901410586,0.12165532731341464,0.11377420391676239,4.165879423100335e-06,0.899999999999998
2025-10-31,Original,0.35774120755828165,0.18204044419002824,0.3489845833653543,0.07866722416971147,0.16493084263146282,0.07704894853129692,4.737861833479298e-06,0.29166666666666663
2025-10-31,Minimum_TE,0.278085274173363,0.11207541381547936,0.26892427676121444,0.07078949837745827,0.0864003938651403,0.0713853648996737,4.737861833479298e-06,0.49046378643985544
2025-10-31,MVO,0.3577412076066282,0.1942077236220486,0.33839645421202424,0.11604572976451154,0.1551843149411151,0.11676672604263091,4.737861833479298e-06,0.5814394635917117
2025-11-30,Original,0.32062478209500306,0.14783153666547538,0.3130192239845513,0.06942057554916647,0.13110570154375145,0.06830415987036634,4.26700623798762e-06,0.45833333333333326
2025-11-30,Minimum_TE,0.22184117435924516,0.07014106236579613,0.2121892078538879,0.064724390390552,0.0314272595336866,0.06270642700716415,4.26700623798762e-06,0.7662867524843411
2025-11-30,MVO,0.32062478209500894,0.17047909724040047,0.30372843318088966,0.10270973552177905,0.13841621022450257,0.09951922097257507,4.26700623798762e-06,0.5371092741423132
2025-12-31,Original,0.33334072605349513,0.1705311587908587,0.32658711548077485,0.06675998537910535,0.1557462825582554,0.06945481688002017,3.9648641310783255e-06,0.52
2025-12-31,Minimum_TE,0.2345952991913771,0.0926656077819226,0.22604509826408525,0.062758011070076,0.06359330945412456,0.06740034019398616,3.9648641310783255e-06,0.7897885604548001
2025-12-31,MVO,0.333340726053499,0.18756787615963702,0.3173100065797431,0.10212932669041369,0.15658446614795551,0.10326186676695666,3.9648641310783255e-06,0.5288007340534758
2026-01-31,Original,0.2908795645043586,0.14449985416715122,0.2829991707314894,0.06724872051968446,0.12716121258798302,0.06863114356822095,3.6945019930636523e-06,0.44
2026-01-31,Minimum_TE,0.21916125347103216,0.0877657225036499,0.20938564674918947,0.06472484807566288,0.0575405045101521,0.0662715050931005,3.6945019930636523e-06,0.7576119491954755
2026-01-31,MVO,0.2908795645043584,0.16830932930139883,0.2720431935398131,0.10297291825963278,0.13172360875183628,0.10477080331504512,3.6945019930636523e-06,0.6999999999999998
2026-02-28,Original,0.3586828607740258,0.21236022990094103,0.35102256479864463,0.07373298864972498,0.19840279999866964,0.07571787237019026,3.500972665861708e-06,0.28
2026-02-28,Minimum_TE,0.2620236932003049,0.13117625369303593,0.24960149516732558,0.07972144886141425,0.10144740078359102,0.08316029345302468,3.500972665861708e-06,0.6376598733673848
2026-02-28,MVO,0.3586828607740792,0.2394876473575213,0.338841883818474,0.1176417119198171,0.20783353028797122,0.1189939365046783,3.500972665861708e-06,0.45156515736018044
